"id","code","name","parent_id/id","type","user_type/id","reconcile"
0,0,"Thailand - Chart of Accounts for NSTDA",,"View","account.data_account_type_root_view","FALSE"
"BS","BS","งบแสดงฐานะการเงิน",0,"View","account.data_account_type_view","FALSE"
1000000000,1000000000,"สินทรัพย์","BS","View","account.data_account_type_view","FALSE"
1100000000,1100000000,"สินทรัพย์หมุนเวียน",1000000000,"View","account.data_account_type_view","FALSE"
1101000000,1101000000,"เงินสดและรายการเทียบเท่าเงินสด",1100000000,"View","account.data_account_type_view","FALSE"
1101010000,1101010000,"เงินสด",1101000000,"View","account.data_account_type_view","FALSE"
1101010001,1101010001,"เงินสดย่อย",1101000000,"Liquidity","account.data_account_type_cash","FALSE"
1101010002,1101010002,"เงินสดในมือ",1101000000,"Liquidity","account.data_account_type_cash","FALSE"
1101010003,1101010003,"เช็ครับ",1101000000,"Liquidity","account.data_account_type_bank","FALSE"
1101019990,1101019990,"เงินสดในมือ Interface",1101000000,"Liquidity","account.data_account_type_cash","FALSE"
1101020000,1101020000,"เงินฝากธนาคาร-ออมทรัพย์",1101000000,"View","account.data_account_type_view","FALSE"
1101020001,1101020001,"KTB CA 152-6-00424-0 สวทช.-เงินในงบประมาณ",1101020000,"Liquidity","account.data_account_type_bank","FALSE"
1101020002,1101020002,"KTB CA 152-6-00426-7 สวทช.-เงินนอกงบประมาณ",1101020000,"Liquidity","account.data_account_type_bank","FALSE"
1101020003,1101020003,"KTB CA 152-6-00469-0 สวทช.-เงินเบิกแทนกัน",1101020000,"Liquidity","account.data_account_type_bank","FALSE"
1101020004,1101020004,"KTB SA 152-1-32668-1 CA 152-6-00244-2 สวทช.",1101020000,"Liquidity","account.data_account_type_bank","FALSE"
1101020005,1101020005,"KTB SA 013-1-51385-0 CA 013-6-08136-3 สถาบันวิทยาการ",1101020000,"Liquidity","account.data_account_type_bank","FALSE"
1101020006,1101020006,"KTB SA 152-1-32670-3 CA 152-6-00245-0 นักเรียนทุน",1101020000,"Liquidity","account.data_account_type_bank","FALSE"
1101020007,1101020007,"BBL SA 080-0-00001-0 CA 080-3-00001-7 สวทช.",1101020000,"Liquidity","account.data_account_type_bank","FALSE"
1101020008,1101020008,"BBL SA 080-0-01855-8 CA 080-3-00074-4 ศน.",1101020000,"Liquidity","account.data_account_type_bank","FALSE"
1101020009,1101020009,"BBL SA 080-0-00279-2 CA 080-3-00008-2 ศช.",1101020000,"Liquidity","account.data_account_type_bank","FALSE"
1101020010,1101020010,"BBL SA 080-0-00280-0 CA 080-3-00009-0 รายได้-ศช.",1101020000,"Liquidity","account.data_account_type_bank","FALSE"
1101020011,1101020011,"BBL SA 080-0-00084-6 CA 080-3-00003-3 ศว.",1101020000,"Liquidity","account.data_account_type_bank","FALSE"
1101020012,1101020012,"BBL SA 080-0-00178-6 รายได้-MTEC",1101020000,"Liquidity","account.data_account_type_bank","FALSE"
1101020013,1101020013,"BBL SA 080-0-04444-8 CA 080-3-00118-9 ศอ.",1101020000,"Liquidity","account.data_account_type_bank","FALSE"
1101020014,1101020014,"BBL SA 759-0-26380-7 ศช. ห้องปฏิบัติการสรีรวิทยาสัตว์",1101020000,"Liquidity","account.data_account_type_bank","FALSE"
1101020015,1101020015,"SCB SA 324-2-56262-0 CA 324-3-03140-2 ซอฟต์แวร์#2",1101020000,"Liquidity","account.data_account_type_bank","FALSE"
1101020016,1101020016,"SCB SA 667-2-15866-7 CA 667-3-00344-1 สวทช. ภาคเหนือ",1101020000,"Liquidity","account.data_account_type_bank","FALSE"
1101020017,1101020017,"SCB SA 541-2-30920-2 CA 541-3-00951-2 ศวพก.",1101020000,"Liquidity","account.data_account_type_bank","FALSE"
1101020018,1101020018,"TMB SA 069-2-19922-7 หน่วยฯ แป้ง (รายได้)",1101020000,"Liquidity","account.data_account_type_bank","FALSE"
1101020019,1101020019,"BAY SA 329-1-34850-3 CA 329-0-01347-6 ซอฟต์แวร์#2",1101020000,"Liquidity","account.data_account_type_bank","FALSE"
1101029990,1101029990,"เงินฝากธนาคาร-ออมทรัพย์ Interface",1101020000,"Liquidity","account.data_account_type_bank","FALSE"
1101030000,1101030000,"เงินฝากธนาคาร-ประจำ 3 เดือน",1101020000,"Liquidity","account.data_account_type_bank","FALSE"
1101030001,1101030001,"GSB SA 3-001798250-9 [3 เดือน] สวทช.",1101020000,"Liquidity","account.data_account_type_bank","FALSE"
1101030002,1101030002,"BBL FA 080-2-01168-4 [14 วัน] สวทช.",1101020000,"Liquidity","account.data_account_type_bank","FALSE"
1101030003,1101030003,"TNC FA 482-1-10953-6 [1 เดือน] สวทช.",1101020000,"Liquidity","account.data_account_type_bank","FALSE"
1101030004,1101030004,"BAY FA 669-2-01017-8 [2 เดือน] สวทช.",1101020000,"Liquidity","account.data_account_type_bank","FALSE"
1101039990,1101039990,"เงินฝากธนาคาร-ประจำ Interface",1101020000,"Liquidity","account.data_account_type_bank","FALSE"
1101040000,1101040000,"เงินฝากธนาคารที่มีวัตถุประสงค์เฉพาะ",1101020000,"Liquidity","account.data_account_type_bank","FALSE"
1101050000,1101050000,"เงินฝากธนาคารที่มีวัตถุประสงค์เฉพาะ-สกว.",1101020000,"Liquidity","account.data_account_type_bank","FALSE"
1101050001,1101050001,"BBL SA 080-0-10037-2 CA 080-3-00215-3 ทุนวิจัย สกว.-สวทช.",1101020000,"Liquidity","account.data_account_type_bank","FALSE"
1101050002,1101050002,"KTB SA 475-0-88625-4 CA 475-6-00304-4 Poaceae",1101020000,"Liquidity","account.data_account_type_bank","FALSE"
1101050003,1101050003,"BBL SA 080-0-11452-2 CA 080-3-00251-8 TRG58-กรกช",1101020000,"Liquidity","account.data_account_type_bank","FALSE"
1101050004,1101050004,"BBL SA 080-0-11489-4 CA 080-3-00254-2 TRG58-วีรวัฒน์",1101020000,"Liquidity","account.data_account_type_bank","FALSE"
1101050005,1101050005,"BBL SA 080-0-11500-8 CA 080-3-00255-9 Risk",1101020000,"Liquidity","account.data_account_type_bank","FALSE"
1101050006,1101050006,"BBL SA 080-0-11551-1 CA 080-3-00257-5 RSA58-ชัยรัตน์",1101020000,"Liquidity","account.data_account_type_bank","FALSE"
1101050007,1101050007,"BBL SA 080-0-11554-5 CA 080-3-00258-3 RSA58-พรกมล",1101020000,"Liquidity","account.data_account_type_bank","FALSE"
1101050008,1101050008,"BBL SA 080-0-11555-2 CA 080-3-00259-1 BRG58-ปิติ",1101020000,"Liquidity","account.data_account_type_bank","FALSE"
1101050009,1101050009,"BBL SA 080-0-11556-0 CA 080-3-00260-9 RSA58-ศิษเฎศ",1101020000,"Liquidity","account.data_account_type_bank","FALSE"
1101050010,1101050010,"BBL SA 080-0-11576-8 CA 080-3-00262-5 RSA58-เปรมฤทัย",1101020000,"Liquidity","account.data_account_type_bank","FALSE"
1101050011,1101050011,"BBL SA 080-0-11609-7 CA 080-3-00261-7 TRG58-วรนุช",1101020000,"Liquidity","account.data_account_type_bank","FALSE"
1101050012,1101050012,"BBL SA 080-0-11610-5 CA 080-3-00263-3 TRG58-อัจฉรา",1101020000,"Liquidity","account.data_account_type_bank","FALSE"
1101050013,1101050013,"BBL SA 080-0-11611-3 CA 080-3-00264-1 TRG58-สุวิมล",1101020000,"Liquidity","account.data_account_type_bank","FALSE"
1101050014,1101050014,"BBL SA 080-0-11612-1 CA 080-3-00265-8 TRG58-พิศิษฐ์",1101020000,"Liquidity","account.data_account_type_bank","FALSE"
1101050015,1101050015,"BBL SA 080-0-11613-9 CA 080-3-00266-6 TRG58-ธีรพงศ์",1101020000,"Liquidity","account.data_account_type_bank","FALSE"
1101050016,1101050016,"BBL SA 080-0-11614-7 CA 080-3-00267-4 RDG5850063-กิตติวุฒิ",1101020000,"Liquidity","account.data_account_type_bank","FALSE"
1101050017,1101050017,"BBL SA 080-0-11755-8 CA 080-3-00272-4 TN-มาซาฮิโกะ",1101020000,"Liquidity","account.data_account_type_bank","FALSE"
1101050018,1101050018,"BBL SA 080-0-11886-1 CA 080-3-00273-2 RDG59-ปัทมา",1101020000,"Liquidity","account.data_account_type_bank","FALSE"
1101050019,1101050019,"BBL SA 080-0-11894-5 CA 080-3-00276-5 RDG5850103-พิมพา",1101020000,"Liquidity","account.data_account_type_bank","FALSE"
1101060000,1101060000,"เงินฝากธนาคารที่มีวัตถุประสงค์เฉพาะ-สวก.",1101020000,"View","account.data_account_type_view","FALSE"
1101060001,1101060001,"BBL SA 080-0-07802-4 CA 080-3-00165-0 โครงการพัฒนาสายพันธุ์ข้าว",1101020000,"Liquidity","account.data_account_type_bank","FALSE"
1101060002,1101060002,"BBL SA 080-0-09036-7 CA 080-3-00192-4 สารสกัดมะขามป้อม",1101020000,"Liquidity","account.data_account_type_bank","FALSE"
1101060003,1101060003,"BBL SA 080-0-09557-2 CA 080-3-00201-3 โครงการต้นแบบในการขยายผลปาล์ม",1101020000,"Liquidity","account.data_account_type_bank","FALSE"
1101060004,1101060004,"BBL SA 080-0-10489-5 CA 080-3-00217-9 เปลือกมังคุด",1101020000,"Liquidity","account.data_account_type_bank","FALSE"
1101060005,1101060005,"KTB SA 475-0-77787-0 CA 475-6-00231-5 จัดการปาล์มน้ำมัน",1101020000,"Liquidity","account.data_account_type_bank","FALSE"
1101060006,1101060006,"KTB SA 475-0-78395-1 CA 475-6-00244-7 เครื่องหมายโมเลกุล",1101020000,"Liquidity","account.data_account_type_bank","FALSE"
1101060007,1101060007,"BBL SA 080-0-11046-2 CA 080-3-00233-6 ชุดตรวจแลมป์",1101020000,"Liquidity","account.data_account_type_bank","FALSE"
1101060008,1101060008,"KTB SA 475-0-86654-7 CA 475-6-00287-0 อินดิกา",1101020000,"Liquidity","account.data_account_type_bank","FALSE"
1101060009,1101060009,"BBL SA 080-0-11188-2 CA 080-3-00240-1 จุลินทรีย์",1101020000,"Liquidity","account.data_account_type_bank","FALSE"
1101060010,1101060010,"KTB SA 475-0-88296-8 CA 475-6-00294-3 สายพันธุ์ข้าว ปี 2",1101020000,"Liquidity","account.data_account_type_bank","FALSE"
1101060011,1101060011,"KTB SA 475-0-88623-8 CA 475-6-00303-6 ผลิตเม็ดพันธุ์",1101020000,"Liquidity","account.data_account_type_bank","FALSE"
1101060012,1101060012,"KTB SA 475-0-88675-0 CA 475-6-00309-5 เนื้อเยื่อ",1101020000,"Liquidity","account.data_account_type_bank","FALSE"
1101060013,1101060013,"KTB SA 475-0-88714-5 CA 475-6-00310-9 เส้นใยแป้ง",1101020000,"Liquidity","account.data_account_type_bank","FALSE"
1101060014,1101060014,"BBL SA 080-0-11386-2 CA 080-3-00239-3 แคปซูลนิ่ม",1101020000,"Liquidity","account.data_account_type_bank","FALSE"
1101060015,1101060015,"BBL SA 080-0-11393-8 CA 080-3-00241-9 ไล่ยุง",1101020000,"Liquidity","account.data_account_type_bank","FALSE"
1101060016,1101060016,"BBL SA 080-0-11392-0 CA 080-3-00238-5 กวาวเครือขาว",1101020000,"Liquidity","account.data_account_type_bank","FALSE"
1101060017,1101060017,"KTB SA 475-0-89204-1 CA 475-6-00324-9 ปาล์มน้ำมัน2",1101020000,"Liquidity","account.data_account_type_bank","FALSE"
1101060018,1101060018,"KTB SA 475-0-89392-7 CA 475-6-00335-4 ทดสอบตลาด",1101020000,"Liquidity","account.data_account_type_bank","FALSE"
1101060019,1101060019,"KTB SA 475-0-99240-2 CA 475-6-00365-6 สายพันธุ์ข้าว ปี 3",1101020000,"Liquidity","account.data_account_type_bank","FALSE"
1101060020,1101060020,"KTB SA 475-0-99239-9 CA 475-6-00364-8 อินดิกา ปี 2",1101020000,"Liquidity","account.data_account_type_bank","FALSE"
1101060021,1101060021,"KTB SA 475-3-00062-1 CA 475-6-00393-1 ปลูกข้าว ปี 2",1101020000,"Liquidity","account.data_account_type_bank","FALSE"
1101060022,1101060022,"KTB SA 475-3-00249-7 CA 475-6-00398-2 ปลูกข้าวโพด",1101020000,"Liquidity","account.data_account_type_bank","FALSE"
1101070000,1101070000,"เงินฝากธนาคารที่มีวัตถุประสงค์เฉพาะ-สสส.",1101020000,"View","account.data_account_type_view","FALSE"
1101070001,1101070001,"BBL SA 080-0-10017-4 CA 080-3-00212-0 คัดเลือกทีมฯ",1101020000,"Liquidity","account.data_account_type_bank","FALSE"
1101070002,1101070002,"BBL SA 080-0-10016-6 CA 080-3-00211-2 โปรแกรมคอมฯ",1101020000,"Liquidity","account.data_account_type_bank","FALSE"
1101070003,1101070003,"BBL SA 080-0-10015-8 CA 080-3-00210-4 ค่ายวิทย์ฯ",1101020000,"Liquidity","account.data_account_type_bank","FALSE"
1101070004,1101070004,"BBL SA 080-0-11655-0 CA 080-3-00268-2 บ่มเพาะ",1101020000,"Liquidity","account.data_account_type_bank","FALSE"
1101080000,1101080000,"เงินฝากธนาคารที่มีวัตถุประสงค์เฉพาะ-วช.",1101020000,"View","account.data_account_type_view","FALSE"
1101080001,1101080001,"KTB SA 152-0-30385-8 CA 152-6-00894-7 มุ่งเป้า-มันสำปะหลัง",1101020000,"Liquidity","account.data_account_type_bank","FALSE"
1101080002,1101080002,"BBL SA 080-0-09522-6 CA 080-3-00197-3 สวทช.-นาโนฯสำหรับการลดมลพิษ",1101020000,"Liquidity","account.data_account_type_bank","FALSE"
1101080003,1101080003,"BBL SA 080-0-09735-4 CA 080-3-00205-4 สวทช.-แผ่นกรองอากาศนาโน",1101020000,"Liquidity","account.data_account_type_bank","FALSE"
1101080004,1101080004,"KTB SA 475-0-64783-7 CA475-6-00181-5 ศช. (การพัฒนาคุณภาพของผลมะละกอฯ)",1101020000,"Liquidity","account.data_account_type_bank","FALSE"
1101080005,1101080005,"KTB SA 475-0-76367-5 CA 475-6-00215-3 สำปะหลัง วช.56",1101020000,"Liquidity","account.data_account_type_bank","FALSE"
1101080006,1101080006,"KTB SA 475-0-76369-1 CA 475-6-00216-1 ระบบราง วช.56",1101020000,"Liquidity","account.data_account_type_bank","FALSE"
1101080007,1101080007,"KTB SA 475-0-78591-1 CA 475-6-00253-6 สำปะหลัง วช.57",1101020000,"Liquidity","account.data_account_type_bank","FALSE"
1101080008,1101080008,"KTB SA 475-0-79325-6 CA 475-6-00258-7 ระบบราง วช.57",1101020000,"Liquidity","account.data_account_type_bank","FALSE"
1101080009,1101080009,"KTB SA 475-0-81862-3 CA 475-6-00266-8 เคมีไฟฟ้าพกพา",1101020000,"Liquidity","account.data_account_type_bank","FALSE"
1101080010,1101080010,"KTB SA 475-0-86281-9 CA 475-6-00277-3 นาโนกราฟีน",1101020000,"Liquidity","account.data_account_type_bank","FALSE"
1101080011,1101080011,"KTB SA 475-0-88852-4 CA 475-6-00317-6 ลดมลพิษ",1101020000,"Liquidity","account.data_account_type_bank","FALSE"
1101080012,1101080012,"KTB SA 475-0-88875-3 CA 475-6-00318-4 สำปะหลัง วช.58",1101020000,"Liquidity","account.data_account_type_bank","FALSE"
1101080013,1101080013,"KTB SA 475-0-88878-8 CA 475-6-00319-2 ระบบราง วช.58",1101020000,"Liquidity","account.data_account_type_bank","FALSE"
1101080014,1101080014,"KTB SA 475-0-89244-0 CA 475-6-00325-7ระบบปรับอากาศ",1101020000,"Liquidity","account.data_account_type_bank","FALSE"
1101080015,1101080015,"KTB SA 475-0-89245-9 CA 475-6-00326-5 Brushless DC",1101020000,"Liquidity","account.data_account_type_bank","FALSE"
1101080016,1101080016,"KTB SA 475-0-89246-7 CA 475-6-00327-3 ชนิดดูดซึม",1101020000,"Liquidity","account.data_account_type_bank","FALSE"
1101080017,1101080017,"KTB SA 475-0-89322-6 CA 475-6-00330-3 จุลินทรีย์-วช.",1101020000,"Liquidity","account.data_account_type_bank","FALSE"
1101080018,1101080018,"KTB SA 475-0-89362-5 CA 475-6-00333-8 กุ้งตายด่วน",1101020000,"Liquidity","account.data_account_type_bank","FALSE"
1101080019,1101080019,"KTB SA 475-0-89395-1 CA 475-6-00336-2 ตั๊กแตน",1101020000,"Liquidity","account.data_account_type_bank","FALSE"
1101080020,1101080020,"KTB SA 475-0-97573-7 CA 475-6-00349-4 วัสดุนาโน",1101020000,"Liquidity","account.data_account_type_bank","FALSE"
1101080021,1101080021,"KTB SA 475-0-99621-1 CA 475-6-00378-8 ระบบราง วช.59",1101020000,"Liquidity","account.data_account_type_bank","FALSE"
1101080022,1101080022,"KTB SA 475-0-99620-3 CA 475-6-00376-1 สำปะหลัง วช.59",1101020000,"Liquidity","account.data_account_type_bank","FALSE"
1101090000,1101090000,"เงินฝากธนาคารที่มีวัตถุประสงค์เฉพาะ-แหล่งอื่น ๆ",1101020000,"View","account.data_account_type_view","FALSE"
1101090001,1101090001,"BBL CA 101-3-15558-3 สนง.คณะกรรมการพัฒนาวิทยาศาสตร์ฯ",1101020000,"Liquidity","account.data_account_type_bank","FALSE"
1101090002,1101090002,"KTB CA 475-6-00353-2 โครงการเงินกู้เพื่อพัฒนาระบบ",1101020000,"Liquidity","account.data_account_type_bank","FALSE"
1101090003,1101090003,"BBL SA 080-0-07530-1 CA 080-3-00163-5 Tokyo tech",1101020000,"Liquidity","account.data_account_type_bank","FALSE"
1101090004,1101090004,"BBL SA 080-0-07531-9 CA 080-3-00162-7 กฟผ.-สวทช.",1101020000,"Liquidity","account.data_account_type_bank","FALSE"
1101090005,1101090005,"SCB SA 406-0-01654-0 CA 468-0-46340-2 GRANT-2551",1101020000,"Liquidity","account.data_account_type_bank","FALSE"
1101090006,1101090006,"KTB SA 475-0-58905-5 CA 475-6-00159-9 เงินงบพิเศษการค้นคว้ายาง",1101020000,"Liquidity","account.data_account_type_bank","FALSE"
1101090007,1101090007,"BBL SA 080-0-09540-8 CA 080-3-00198-1 มอเตอร์และระบบขับเคลื่อน",1101020000,"Liquidity","account.data_account_type_bank","FALSE"
1101090008,1101090008,"BBL SA 080-0-10513-2 CA 080-3-00218-7 MTEC-PCATDES",1101020000,"Liquidity","account.data_account_type_bank","FALSE"
1101090009,1101090009,"BBL SA 080-0-10777-3 CA 080-3-00224-5 GCC-S5-0445",1101020000,"Liquidity","account.data_account_type_bank","FALSE"
1101090010,1101090010,"BBL SA 080-0-10915-9 CA 080-3-00227-8 GCC-S6-0562",1101020000,"Liquidity","account.data_account_type_bank","FALSE"
1101090011,1101090011,"BBL SA 080-0-11022-3 CA 080-3-00230-2 แอพพลิเคชั่น",1101020000,"Liquidity","account.data_account_type_bank","FALSE"
1101090012,1101090012,"BBL SA 080-0-11024-9 CA 080-3-00231-0คัดกรองได้ยิน",1101020000,"Liquidity","account.data_account_type_bank","FALSE"
1101090013,1101090013,"BBL SA 080-0-11126-2 CA 080-3-00234-4คก.ดร.ศันสนีย",1101020000,"Liquidity","account.data_account_type_bank","FALSE"
1101090014,1101090014,"BBL SA 080-0-11177-5 CA 080-3-00236-9 บูรณาการ",1101020000,"Liquidity","account.data_account_type_bank","FALSE"
1101090015,1101090015,"BBL SA 080-0-11548-7 CA 080-3-00256-7 ออนไลน์ TSL",1101020000,"Liquidity","account.data_account_type_bank","FALSE"
1101090016,1101090016,"KTB SA 475-0-99769-2 CA 475-6-00385-0 อินเวอร์เตอร์",1101020000,"Liquidity","account.data_account_type_bank","FALSE"
1101090017,1101090017,"KTB SA 475-0-99907-5 CA 475-6-00392-3 ติดระบบไฟฟ้า",1101020000,"Liquidity","account.data_account_type_bank","FALSE"
1101090018,1101090018,"BBL SA 080-0-11901-8 CA 080-3-00277-3 ITAP",1101020000,"Liquidity","account.data_account_type_bank","FALSE"
1101090019,1101090019,"BBL SA 080-0-11903-4 CA 080-3-00279-9 ขับเคลื่อน",1101020000,"Liquidity","account.data_account_type_bank","FALSE"
1101090020,1101090020,"BBL SA 080-0-11902-6 CA 080-3-00278-1 STARTUP",1101020000,"Liquidity","account.data_account_type_bank","FALSE"
1101099990,1101099990,"เงินฝากธนาคารที่มีวัตถุประสงค์เฉพาะ Interface",1101020000,"Liquidity","account.data_account_type_bank","FALSE"
1102010000,1102010000,"ลูกหนี้การค้า",1100000000,"View","account.data_account_type_view","FALSE"
1102010001,1102010001,"บัญชีลูกหนี้การค้า - ในประเทศ หน่วยงานภาครัฐ",1102010000,"Receivable","account.data_account_type_receivable","TRUE"
1102010002,1102010002,"บัญชีลูกหนี้การค้า - ในประเทศ หน่วยงานเอกชน",1102010000,"Receivable","account.data_account_type_receivable","TRUE"
1102010003,1102010003,"บัญชีลูกหนี้การค้า - ต่างประเทศ",1102010000,"Receivable","account.data_account_type_receivable","TRUE"
1102010004,1102010004,"ลูกหนี้อยู่ระหว่างดำเนินคดี",1102010000,"Receivable","account.data_account_type_receivable","TRUE"
1102010005,1102010005,"ลูกหนี้ผ่อนชำระ",1102010000,"Receivable","account.data_account_type_receivable","TRUE"
1102010006,1102010006,"เงินให้กู้ระยะยาว-CD",1102010000,"Receivable","account.data_account_type_receivable","TRUE"
1102019990,1102019990,"บัญชีลูกหนี้การค้า - ในประเทศ หน่วยงานภาครัฐ Interface",1102010000,"Receivable","account.data_account_type_receivable","TRUE"
1102019991,1102019991,"บัญชีลูกหนี้การค้า - ในประเทศ หน่วยงานเอกชน Interface",1102010000,"Receivable","account.data_account_type_receivable","TRUE"
1102019992,1102019992,"บัญชีลูกหนี้การค้า - ต่างประเทศ Interface",1102010000,"Receivable","account.data_account_type_receivable","TRUE"
1102019993,1102019993,"ลูกหนี้อยู่ระหว่างดำเนินคดี Interface",1102010000,"Receivable","account.data_account_type_receivable","TRUE"
1102019994,1102019994,"ลูกหนี้ผ่อนชำระ Interface",1102010000,"Receivable","account.data_account_type_receivable","TRUE"
1103010000,1103010000,"ค่าเผื่อหนี้สงสัยจะสูญ",1102010000,"View","account.data_account_type_view","FALSE"
1103010001,1103010001,"ค่าเผื่อหนี้สงสัยจะสูญ-ลูกหนี้การค้า",1103010000,"Receivable","account.data_account_type_receivable","TRUE"
1103019990,1103019990,"ค่าเผื่อหนี้สงสัยจะสูญ-ลูกหนี้การค้า Interface",1103010000,"Receivable","account.data_account_type_receivable","TRUE"
1104010000,1104010000,"เงินยืมทดรองจ่ายให้พนักงาน",1102010000,"View","account.data_account_type_view","FALSE"
1104010001,1104010001,"เงินยืมทดรองจ่าย",1104010000,"Receivable","account.data_account_type_receivable","TRUE"
1104019990,1104019990,"เงินยืมทดรองจ่าย Interface",1104010000,"Receivable","account.data_account_type_receivable","TRUE"
1105010000,1105010000,"วัสดุคงเหลือ",1102010000,"View","account.data_account_type_view","FALSE"
1105010001,1105010001,"วัสดุสำนักงาน",1105010000,"Regular","account.data_account_type_current_assets","FALSE"
1105010002,1105010002,"วัสดุโฆษณาและเผยแพร่",1105010000,"Regular","account.data_account_type_current_assets","FALSE"
1105010003,1105010003,"วัสดุงานบ้านและงานครัว",1105010000,"Regular","account.data_account_type_current_assets","FALSE"
1105010004,1105010004,"วัสดุหนังสือ วารสาร และตำรา",1105010000,"Regular","account.data_account_type_current_assets","FALSE"
1105010005,1105010005,"วัสดุวิทยาศาสตร์",1105010000,"Regular","account.data_account_type_current_assets","FALSE"
1105010006,1105010006,"วัสดุคอมพิวเตอร์",1105010000,"Regular","account.data_account_type_current_assets","FALSE"
1105010007,1105010007,"วัสดุไฟฟ้าและวิทยุ",1105010000,"Regular","account.data_account_type_current_assets","FALSE"
1105010008,1105010008,"วัสดุอุปกรณ์ทางการแพทย์",1105010000,"Regular","account.data_account_type_current_assets","FALSE"
1105010009,1105010009,"วัสดุกีฬา/ดนตรีนาฎศิลป์",1105010000,"Regular","account.data_account_type_current_assets","FALSE"
1105010010,1105010010,"วัสดุงานวิจัยต้นแบบ",1105010000,"Regular","account.data_account_type_current_assets","FALSE"
1105010011,1105010011,"พักโอนเข้าวัสดุคงเหลือจากการ Settlement I/O",1105010000,"Regular","account.data_account_type_current_assets","FALSE"
1105019990,1105019990,"วัสดุคงเหลือ-Interface",1105010000,"Regular","account.data_account_type_current_assets","FALSE"
1106010000,1106010000,"ค่าใช้จ่ายล่วงหน้า",1102010000,"View","account.data_account_type_view","FALSE"
1106010001,1106010001,"ค่าเช่าจ่ายล่วงหน้า",1106010000,"Regular","account.data_account_type_current_assets","FALSE"
1106010002,1106010002,"ค่าประกันจ่ายล่วงหน้า",1106010000,"Regular","account.data_account_type_current_assets","FALSE"
1106010003,1106010003,"ค่าสมาชิก/หนังสือและวารสารจ่ายล่วงหน้า",1106010000,"Regular","account.data_account_type_current_assets","FALSE"
1106010004,1106010004,"ค่าลิขสิทธ์จ่ายล่วงหน้า",1106010000,"Regular","account.data_account_type_current_assets","FALSE"
1106010005,1106010005,"เงินจ่ายล่วงหน้า AUC จ่ายล่วงหน้า",1106010000,"Regular","account.data_account_type_current_assets","FALSE"
1106010006,1106010006,"เงินจ่ายล่วงหน้า AIT จ่ายล่วงหน้า",1106010000,"Regular","account.data_account_type_current_assets","FALSE"
1106010007,1106010007,"ค่าใช้จ่ายจ่ายล่วงหน้าอื่น",1106010000,"Regular","account.data_account_type_current_assets","FALSE"
1106019990,1106019990,"ค่าใช้จ่ายจ่ายล่วงหน้าอื่น Interface",1106010000,"Regular","account.data_account_type_current_assets","FALSE"
1107010000,1107010000,"เงินอุดหนุนจากงบประมาณแผ่นดินค้างรับ",1102010000,"View","account.data_account_type_view","FALSE"
1107010001,1107010001,"เงินอุดหนุนจากงบประมาณแผ่นดินค้างรับ-อุดหนุนเฉพาะกิจ",1107010000,"Regular","account.data_account_type_current_assets","FALSE"
1107010002,1107010002,"เงินอุดหนุนจากงบประมาณแผ่นดินค้างรับ-อุดหนุนทั่วไป",1107010000,"Regular","account.data_account_type_current_assets","FALSE"
1108010000,1108010000,"ดอกเบี้ยค้างรับ",1102010000,"Regular","account.data_account_type_current_assets","FALSE"
1108010001,1108010001,"ดอกเบี้ยค้างรับ",1108010000,"Regular","account.data_account_type_current_assets","FALSE"
1109010000,1109010000,"ภาษีมูลค่าเพิ่ม",1102010000,"View","account.data_account_type_view","FALSE"
1109010001,1109010001,"ภาษีซื้อ",1109010000,"Regular","account.data_account_type_input_tax","FALSE"
1109010002,1109010002,"ภาษีมูลค่าเพิ่ม",1109010000,"Regular","account.data_account_type_current_assets","FALSE"
1109010003,1109010003,"พักภาษีซื้อ",1109010000,"Regular","account.data_account_type_input_tax","FALSE"
1190000000,1190000000,"สินทรัพย์หมุนเวียนอื่น",1102010000,"View","account.data_account_type_view","FALSE"
1190010000,1190010000,"ลูกหนี้อื่น",1190000000,"Regular","account.data_account_type_current_assets","FALSE"
1190010001,1190010001,"ลูกหนี้หน่วยบริการ",1190010000,"Regular","account.data_account_type_current_assets","FALSE"
1190010002,1190010002,"เงินรอรับรู้",1190010000,"Regular","account.data_account_type_current_assets","FALSE"
1190019900,1190019900,"ลูกหนี้อื่น ๆ",1190010000,"Regular","account.data_account_type_current_assets","FALSE"
1190900000,1190900000,"สินทรัพย์หมุนเวียนอื่น",1190000000,"View","account.data_account_type_view","FALSE"
1190909900,1190909900,"สินทรัพย์หมุนเวียนอื่น",1190900000,"Regular","account.data_account_account_type_non_current_assets","FALSE"
1200000000,1200000000,"สินทรัพย์ไม่หมุนเวียน",1000000000,"View","account.data_account_type_view","FALSE"
1201000000,1201000000,"เงินฝากธนาคารประจำ มากกว่า 3 เดือน",1200000000,"View","account.data_account_type_view","FALSE"
1201010000,1201010000,"เงินฝากธนาคาร-ประจำ มากกว่า 3-12 เดือน",1200000000,"View","account.data_account_type_view","FALSE"
1201010001,1201010001,"BBL FA 942-6-00007-2 สวทช.[12 เดือน]",1201010000,"Liquidity","account.data_account_type_bank","FALSE"
1201010002,1201010002,"BBL FA 080-2-01142-9 [4 เดือน]",1201010000,"Liquidity","account.data_account_type_bank","FALSE"
1201010003,1201010003,"BBL FA 080-2-01363-1 (10 เดือน)",1201010000,"Liquidity","account.data_account_type_bank","FALSE"
1201010004,1201010004,"TNC FA 482-1-10949-7 (6 เดือน)",1201010000,"Liquidity","account.data_account_type_bank","FALSE"
1201019990,1201019990,"เงินฝากธนาคาร-ประจำ มากกว่า 3-12 เดือน Interface",1201010000,"Liquidity","account.data_account_type_bank","FALSE"
1201020000,1201020000,"เงินฝากธนาคาร-ประจำเกิน 1 ปี",1200000000,"View","account.data_account_type_view","FALSE"
1201029990,1201029990,"เงินฝากธนาคาร-ประจำเกิน 1 ปี ธนาคารรัฐ Interface",1201020000,"Liquidity","account.data_account_type_bank","FALSE"
1202010000,1202010000,"เงินให้กู้ระยะยาว",1201020000,"View","account.data_account_type_view","FALSE"
1202019900,1202019900,"เงินให้กู้ระยะยาวอื่น",1201020000,"Regular","account.data_account_account_type_non_current_assets","FALSE"
1203000000,1203000000,"เงินลงทุนระยะยาว",1200000000,"View","account.data_account_type_view","FALSE"
1203010000,1203010000,"เงินลงทุนในบริษัท จำกัด สุทธิ",1203000000,"Regular","account.data_account_account_type_non_current_assets","FALSE"
1203010001,1203010001,"เงินลงทุนในบริษัทจำกัด",1203000000,"Regular","account.data_account_account_type_non_current_assets","FALSE"
1203010002,1203010002,"ปรับมูลค่าเงินลงทุนในบริษัทจำกัด",1203000000,"Regular","account.data_account_account_type_non_current_assets","FALSE"
1203010003,1203010003,"ค่าเผื่อการด้อยค่า-เงินลงทุนในบริษัทจำกัด",1203000000,"Regular","account.data_account_account_type_non_current_assets","FALSE"
1203900000,1203900000,"เงินลงทุนระยะยาวอื่น",1200000000,"View","account.data_account_type_view","FALSE"
1203900001,1203900001,"เงินลงทุนระยะยาว",1203900000,"Regular","account.data_account_account_type_non_current_assets","FALSE"
1203900002,1203900002,"ปรับมูลค่าเงินลงทุนระยะยาว",1203900000,"Regular","account.data_account_account_type_non_current_assets","FALSE"
1203900003,1203900003,"ค่าเผื่อการด้อยค่า-เงินลงทุนระยะยาว",1203900000,"Regular","account.data_account_account_type_non_current_assets","FALSE"
1203900004,1203900004,"เงินลงทุนเผื่อขาย",1203900000,"Regular","account.data_account_account_type_non_current_assets","FALSE"
1204010000,1204010000,"เงินร่วมลงทุน",1200000000,"View","account.data_account_type_view","FALSE"
1204010001,1204010001,"เงินลงทุนหน่วยบริการ",1204010000,"Regular","account.data_account_account_type_non_current_assets","FALSE"
1205010000,1205010000,"เงินค้ำประกันจ่าย",1200000000,"View","account.data_account_type_view","FALSE"
1205010001,1205010001,"เงินค้ำประกันสัญญา",1205010000,"Regular","account.data_account_account_type_non_current_assets","FALSE"
1205010002,1205010002,"เงินค้ำประกันผลงาน",1205010000,"Regular","account.data_account_account_type_non_current_assets","FALSE"
1205019990,1205019990,"เงินค้ำประกันสัญญา Interface",1205010000,"Regular","account.data_account_account_type_non_current_assets","FALSE"
1205019991,1205019991,"เงินค้ำประกันผลงาน Interface",1205010000,"Regular","account.data_account_account_type_non_current_assets","FALSE"
1206010000,1206010000,"เงินมัดจำ",1200000000,"View","account.data_account_type_view","FALSE"
1206020001,1206020001,"เงินมัดจำ-ค่าเช่าอาคาร/ค่าบริการ",1206010000,"Regular","account.data_account_account_type_non_current_assets","FALSE"
1206020002,1206020002,"เงินมัดจำ-ค่าโทรศัพท์",1206010000,"Regular","account.data_account_account_type_non_current_assets","FALSE"
1206020003,1206020003,"เงินมัดจำ-อื่น",1206010000,"Regular","account.data_account_account_type_non_current_assets","FALSE"
1206029990,1206029990,"เงินมัดจำ-ค่าเช่าอาคาร/ค่าบริการ Interface",1206010000,"Regular","account.data_account_account_type_non_current_assets","FALSE"
1206029991,1206029991,"เงินมัดจำ-ค่าโทรศัพท์ Interface",1206010000,"Regular","account.data_account_account_type_non_current_assets","FALSE"
1206029992,1206029992,"เงินมัดจำ-อื่น Interface",1206010000,"Regular","account.data_account_account_type_non_current_assets","FALSE"
1207000000,1207000000,"อสังหาริมทรัยพ์เพื่อการลงทุน",1200000000,"View","account.data_account_type_view","FALSE"
1207010000,1207010000,"อาคาร/ส่วนปรับปรุงอาคารเพื่อการลงทุน",1207000000,"View","account.data_account_type_view","FALSE"
1207010001,1207010001,"อาคารเพื่อการลงทุน",1207010000,"Regular","account.data_account_type_fixed_assets","FALSE"
1207010002,1207010002,"ส่วนปรับปรุงอาคารเพื่อการลงทุน",1207010000,"Regular","account.data_account_type_fixed_assets","FALSE"
1207019990,1207019990,"อาคารเพื่อการลงทุน Interface",1207010000,"Regular","account.data_account_type_fixed_assets","FALSE"
1207019991,1207019991,"ส่วนปรับปรุงอาคารเพื่อการลงทุน Interface",1207010000,"Regular","account.data_account_type_fixed_assets","FALSE"
1208000000,1208000000,"ที่ดิน อาคารและครุภัณฑ์",1200000000,"View","account.data_account_type_view","FALSE"
1208010000,1208010000,"ที่ดิน/ส่วนปรับปรุงที่ดิน",1208000000,"View","account.data_account_type_view","FALSE"
1208010001,1208010001,"ที่ดิน",1208010000,"Regular","account.data_account_type_fixed_assets","FALSE"
1208010002,1208010002,"ส่วนปรับปรุงที่ดิน",1208010000,"Regular","account.data_account_type_fixed_assets","FALSE"
1208019990,1208019990,"ที่ดิน Interface",1208010000,"Regular","account.data_account_type_fixed_assets","FALSE"
1208019991,1208019991,"ส่วนปรับปรุงที่ดิน Interface",1208010000,"Regular","account.data_account_type_fixed_assets","FALSE"
1208020000,1208020000,"อาคาร/ส่วนปรับปรุงอาคาร",1208010000,"View","account.data_account_type_view","FALSE"
1208020001,1208020001,"อาคาร",1208010000,"Regular","account.data_account_type_fixed_assets","FALSE"
1208020002,1208020002,"อาคารชั่วคราว",1208010000,"Regular","account.data_account_type_fixed_assets","FALSE"
1208020003,1208020003,"สิ่งปลูกสร้าง",1208010000,"Regular","account.data_account_type_fixed_assets","FALSE"
1208020004,1208020004,"ส่วนปรับปรุงอาคาร",1208010000,"Regular","account.data_account_type_fixed_assets","FALSE"
1208029990,1208029990,"อาคาร Interface",1208010000,"Regular","account.data_account_type_fixed_assets","FALSE"
1208029991,1208029991,"อาคารชั่วคราว Interface",1208010000,"Regular","account.data_account_type_fixed_assets","FALSE"
1208029992,1208029992,"สิ่งปลูกสร้าง Interface",1208010000,"Regular","account.data_account_type_fixed_assets","FALSE"
1208029993,1208029993,"ส่วนปรับปรุงอาคาร Interface",1208010000,"Regular","account.data_account_type_fixed_assets","FALSE"
1208030000,1208030000,"ครุภัณฑ์",1208000000,"View","account.data_account_type_view","FALSE"
1208030001,1208030001,"ครุภัณฑ์และอุปกรณ์สำนักงาน",1208030000,"Regular","account.data_account_type_fixed_assets","FALSE"
1208030002,1208030002,"ครุภัณฑ์และอุปกรณ์วิทยาศาสตร์",1208030000,"Regular","account.data_account_type_fixed_assets","FALSE"
1208030003,1208030003,"ครุภัณฑ์และอุปกรณ์โฆษณาและเผยแพร่",1208030000,"Regular","account.data_account_type_fixed_assets","FALSE"
1208030004,1208030004,"ครุภัณฑ์และอุปกรณ์ไฟฟ้าและวิทยุ",1208030000,"Regular","account.data_account_type_fixed_assets","FALSE"
1208030005,1208030005,"ครุภัณฑ์และอุปกรณ์คอมพิวเตอร์",1208030000,"Regular","account.data_account_type_fixed_assets","FALSE"
1208030006,1208030006,"ครุภัณฑ์และอุปกรณ์งานบ้านงานครัว",1208030000,"Regular","account.data_account_type_fixed_assets","FALSE"
1208030007,1208030007,"ครุภัณฑ์และอุปกรณ์การแพทย์",1208030000,"Regular","account.data_account_type_fixed_assets","FALSE"
1208030008,1208030008,"ครุภัณฑ์และอุปกรณ์การเกษตร",1208030000,"Regular","account.data_account_type_fixed_assets","FALSE"
1208030009,1208030009,"ครุภัณฑ์และอุปกรณ์กีฬา/ดนตรีนาฏศิลป์",1208030000,"Regular","account.data_account_type_fixed_assets","FALSE"
1208039990,1208039990,"ครุภัณฑ์และอุปกรณ์สำนักงาน Interface",1208030000,"Regular","account.data_account_type_fixed_assets","FALSE"
1208039991,1208039991,"ครุภัณฑ์และอุปกรณ์วิทยาศาสตร์ Interface",1208030000,"Regular","account.data_account_type_fixed_assets","FALSE"
1208039992,1208039992,"ครุภัณฑ์และอุปกรณ์โฆษณาและเผยแพร่ Interface",1208030000,"Regular","account.data_account_type_fixed_assets","FALSE"
1208039993,1208039993,"ครุภัณฑ์และอุปกรณ์ไฟฟ้าและวิทยุ Interface",1208030000,"Regular","account.data_account_type_fixed_assets","FALSE"
1208039994,1208039994,"ครุภัณฑ์และอุปกรณ์คอมพิวเตอร์ Interface",1208030000,"Regular","account.data_account_type_fixed_assets","FALSE"
1208039995,1208039995,"ครุภัณฑ์และอุปกรณ์งานบ้านงานครัว Interface",1208030000,"Regular","account.data_account_type_fixed_assets","FALSE"
1208039996,1208039996,"ครุภัณฑ์และอุปกรณ์การแพทย์ Interface",1208030000,"Regular","account.data_account_type_fixed_assets","FALSE"
1208039997,1208039997,"ครุภัณฑ์และอุปกรณ์การเกษตร Interface",1208030000,"Regular","account.data_account_type_fixed_assets","FALSE"
1208039998,1208039998,"ครุภัณฑ์และอุปกรณ์กีฬา/ดนตรีนาฏศิลป์ Interface",1208030000,"Regular","account.data_account_type_fixed_assets","FALSE"
1209000000,1209000000,"ยานพาหนะ",1200000000,"View","account.data_account_type_view","FALSE"
1209010000,1209010000,"ยานพาหนะ",1209000000,"View","account.data_account_type_view","FALSE"
1209010001,1209010001,"ยานพาหนะ",1209010000,"Regular","account.data_account_type_fixed_assets","FALSE"
1209019990,1209019990,"ยานพาหนะ-Interface",1209010000,"Regular","account.data_account_type_fixed_assets","FALSE"
1210000000,1210000000,"สินทรัพย์ไม่มีตัวตน",1200000000,"View","account.data_account_type_view","FALSE"
1210010000,1210010000,"สินทรัพย์ไม่มีตัวตน",1210000000,"View","account.data_account_type_view","FALSE"
1210010001,1210010001,"สินทรัพย์ไม่มีตัวตน",1210010000,"Regular","account.data_account_type_fixed_assets","FALSE"
1210019990,1210019990,"สินทรัพย์ไม่มีตัวตน Interface",1210010000,"Regular","account.data_account_type_fixed_assets","FALSE"
1211000000,1211000000,"สินทรัพย์ตามสัญญาเช่าการเงิน",1210010000,"View","account.data_account_type_view","FALSE"
1211010000,1211010000,"สินทรัพย์ตามสัญญาเช่าการเงิน",1211000000,"View","account.data_account_type_view","FALSE"
1211010001,1211010001,"สินทรัพย์ตามสัญญาเช่าการเงิน",1211000000,"Regular","account.data_account_type_fixed_assets","FALSE"
1212000000,1212000000,"ค่าเสื่อมราคาสะสม",1210000000,"View","account.data_account_type_view","FALSE"
1212010000,1212010000,"ค่าเสื่อมสะสม-อาคาร/ส่วนปรับปรุงอาคารเพื่อการลงทุน",1212000000,"View","account.data_account_type_view","FALSE"
1212010001,1212010001,"ค่าเสื่อมสะสม-อาคารเพื่อการลงทุน",1212000000,"Regular","account.data_account_type_fixed_assets","FALSE"
1212010002,1212010002,"ค่าเสื่อมสะสม-ส่วนปรับปรุงอาคารเพื่อการลงทุน",1212000000,"Regular","account.data_account_type_fixed_assets","FALSE"
1212019990,1212019990,"ค่าเสื่อมสะสม-อาคารเพื่อการลงทุน Interface",1212000000,"Regular","account.data_account_type_fixed_assets","FALSE"
1212019991,1212019991,"ค่าเสื่อมสะสม-ส่วนปรับปรุงอาคารเพื่อการลงทุน Interface",1212000000,"Regular","account.data_account_type_fixed_assets","FALSE"
1212020000,1212020000,"ค่าเสื่อมสะสม-ส่วนปรับปรุงที่ดิน",1212000000,"Regular","account.data_account_type_fixed_assets","FALSE"
1212020001,1212020001,"ค่าเสื่อมสะสม-ส่วนปรับปรุงที่ดิน",1212000000,"Regular","account.data_account_type_fixed_assets","FALSE"
1212029990,1212029990,"ค่าเสื่อมสะสม-ส่วนปรับปรุงที่ดิน Interface",1212000000,"Regular","account.data_account_type_fixed_assets","FALSE"
1212030000,1212030000,"ค่าเสื่อมสะสม-อาคาร/ส่วนปรับปรุงอาคาร",1212000000,"View","account.data_account_type_view","FALSE"
1212030001,1212030001,"ค่าเสื่อมสะสม-อาคาร",1212000000,"Regular","account.data_account_type_fixed_assets","FALSE"
1212030002,1212030002,"ค่าเสื่อมสะสม-อาคารชั่วคราว",1212000000,"Regular","account.data_account_type_fixed_assets","FALSE"
1212030003,1212030003,"ค่าเสื่อมสะสม-สิ่งปลูกสร้าง",1212000000,"Regular","account.data_account_type_fixed_assets","FALSE"
1212030004,1212030004,"ค่าเสื่อมสะสม-ส่วนปรับปรุงอาคาร",1212000000,"Regular","account.data_account_type_fixed_assets","FALSE"
1212039990,1212039990,"ค่าเสื่อมสะสม-อาคาร Interface",1212000000,"Regular","account.data_account_type_fixed_assets","FALSE"
1212039991,1212039991,"ค่าเสื่อมสะสม-อาคารชั่วคราว Interface",1212000000,"Regular","account.data_account_type_fixed_assets","FALSE"
1212039992,1212039992,"ค่าเสื่อมสะสม-สิ่งปลูกสร้าง Interface",1212000000,"Regular","account.data_account_type_fixed_assets","FALSE"
1212039993,1212039993,"ค่าเสื่อมสะสม-ส่วนปรับปรุงอาคาร Interface",1212000000,"Regular","account.data_account_type_fixed_assets","FALSE"
1212040000,1212040000,"ค่าเสื่อมสะสม-ครุภัณฑ์",1212000000,"View","account.data_account_type_view","FALSE"
1212040001,1212040001,"ค่าเสื่อมสะสม-ครุภัณฑ์สำนักงาน",1212000000,"Regular","account.data_account_type_fixed_assets","FALSE"
1212040002,1212040002,"ค่าเสื่อมสะสม-ครุภัณฑ์วิทยาศาสตร์",1212000000,"Regular","account.data_account_type_fixed_assets","FALSE"
1212040003,1212040003,"ค่าเสื่อมสะสม-ครุภัณฑ์โฆษณาและเผยแพร่",1212000000,"Regular","account.data_account_type_fixed_assets","FALSE"
1212040004,1212040004,"ค่าเสื่อมสะสม-ครุภัณฑ์ไฟฟ้าและวิทยุ",1212000000,"Regular","account.data_account_type_fixed_assets","FALSE"
1212040005,1212040005,"ค่าเสื่อมสะสม-ครุภัณฑ์คอมพิวเตอร์",1212000000,"Regular","account.data_account_type_fixed_assets","FALSE"
1212040006,1212040006,"ค่าเสื่อมสะสม-ครุภัณฑ์งานบ้านงานครัว",1212000000,"Regular","account.data_account_type_fixed_assets","FALSE"
1212040007,1212040007,"ค่าเสื่อมสะสม-ครุภัณฑ์การแพทย์",1212000000,"Regular","account.data_account_type_fixed_assets","FALSE"
1212040008,1212040008,"ค่าเสื่อมสะสม-ครุภัณฑ์การเกษตร",1212000000,"Regular","account.data_account_type_fixed_assets","FALSE"
1212040009,1212040009,"ค่าเสื่อมสะสม-ครุภัณฑ์กีฬา/ดนตรี-นาฏศิลป์",1212000000,"Regular","account.data_account_type_fixed_assets","FALSE"
1212049990,1212049990,"ค่าเสื่อมสะสม-ครุภัณฑ์สำนักงาน Interface",1212000000,"Regular","account.data_account_type_fixed_assets","FALSE"
1212049991,1212049991,"ค่าเสื่อมสะสม-ครุภัณฑ์วิทยาศาสตร์ Interface",1212000000,"Regular","account.data_account_type_fixed_assets","FALSE"
1212049992,1212049992,"ค่าเสื่อมสะสม-ครุภัณฑ์โฆษณาและเผยแพร่ Interface",1212000000,"Regular","account.data_account_type_fixed_assets","FALSE"
1212049993,1212049993,"ค่าเสื่อมสะสม-ครุภัณฑ์ไฟฟ้าและวิทยุ Interface",1212000000,"Regular","account.data_account_type_fixed_assets","FALSE"
1212049994,1212049994,"ค่าเสื่อมสะสม-ครุภัณฑ์คอมพิวเตอร์ Interface",1212000000,"Regular","account.data_account_type_fixed_assets","FALSE"
1212049995,1212049995,"ค่าเสื่อมสะสม-ครุภัณฑ์งานบ้านงานครัว Interface",1212000000,"Regular","account.data_account_type_fixed_assets","FALSE"
1212049996,1212049996,"ค่าเสื่อมสะสม-ครุภัณฑ์การแพทย์ Interface",1212000000,"Regular","account.data_account_type_fixed_assets","FALSE"
1212049997,1212049997,"ค่าเสื่อมสะสม-ครุภัณฑ์การเกษตร Interface",1212000000,"Regular","account.data_account_type_fixed_assets","FALSE"
1212049998,1212049998,"ค่าเสื่อมสะสม-ครุภัณฑ์กีฬา/ดนตรี-นาฏศิลป์ Interface",1212000000,"Regular","account.data_account_type_fixed_assets","FALSE"
1212050000,1212050000,"ค่าเสื่อมสะสม-ยานพาหนะ",1212000000,"View","account.data_account_type_view","FALSE"
1212050001,1212050001,"ค่าเสื่อมสะสม-ยานพาหนะ",1212000000,"Regular","account.data_account_type_fixed_assets","FALSE"
1212059990,1212059990,"ค่าเสื่อมสะสม-ยานพาหนะ Interface",1212000000,"Regular","account.data_account_type_fixed_assets","FALSE"
1212060000,1212060000,"ค่าตัดจำหน่ายสะสม-สินทรัพย์ไม่มีตัวตน",1212000000,"View","account.data_account_type_view","FALSE"
1212060001,1212060001,"ค่าตัดจำหน่ายสะสม-สินทรัพย์ไม่มีตัวตน",1212000000,"Regular","account.data_account_type_fixed_assets","FALSE"
1212069990,1212069990,"ค่าตัดจำหน่ายสะสม-สินทรัพย์ไม่มีตัวตน Interface",1212000000,"Regular","account.data_account_type_fixed_assets","FALSE"
1212070000,1212070000,"ค่าเสื่อมราคาสะสม-สินทรัพย์ตามสัญญาเช่าการเงิน",1212000000,"View","account.data_account_type_view","FALSE"
1212070001,1212070001,"ค่าเสื่อมราคาสะสม-สินทรัพย์ตามสัญญาเช่าการเงิน",1212000000,"Regular","account.data_account_type_fixed_assets","FALSE"
1213010000,1213010000,"สินทรัพย์ระหว่างก่อสร้าง",1210000000,"View","account.data_account_type_view","FALSE"
1213010001,1213010001,"สินทรัพย์ระหว่างก่อสร้าง-อาคาร",1213010000,"Regular","account.data_account_type_fixed_assets","FALSE"
1213010002,1213010002,"สินทรัพย์ระหว่างก่อสร้าง-ค่าควบคุมงาน",1213010000,"Regular","account.data_account_type_fixed_assets","FALSE"
1213010003,1213010003,"สินทรัพย์ระหว่างก่อสร้าง-ค่าออกแบบอาคาร",1213010000,"Regular","account.data_account_type_fixed_assets","FALSE"
1213010004,1213010004,"สินทรัพย์ระหว่างก่อสร้าง-ติดตั้งเครื่องจักร",1213010000,"Regular","account.data_account_type_fixed_assets","FALSE"
1213019990,1213019990,"สินทรัพย์ระหว่างก่อสร้าง-อาคาร Interface",1213010000,"Regular","account.data_account_type_fixed_assets","FALSE"
1213019991,1213019991,"สินทรัพย์ระหว่างก่อสร้าง-ค่าควบคุมงาน Interface",1213010000,"Regular","account.data_account_type_fixed_assets","FALSE"
1213019992,1213019992,"สินทรัพย์ระหว่างก่อสร้าง-ค่าออกแบบอาคาร Interface",1213010000,"Regular","account.data_account_type_fixed_assets","FALSE"
1213019993,1213019993,"สินทรัพย์ระหว่างก่อสร้าง-ติดตั้งเครื่องจักร Interface",1213010000,"Regular","account.data_account_type_fixed_assets","FALSE"
1214010000,1214010000,"สินทรัพย์ระหว่างทาง",1210000000,"View","account.data_account_type_view","FALSE"
1214010001,1214010001,"สินทรัพย์ระหว่างทาง",1214010000,"Regular","account.data_account_type_fixed_assets","FALSE"
1214010002,1214010002,"บัญชีพักครุภัณฑ์",1214010000,"Regular","account.data_account_type_fixed_assets","FALSE"
1214010003,1214010003,"Down payment พักครุภัณฑ์",1214010000,"Regular","account.data_account_type_fixed_assets","FALSE"
1214010004,1214010004,"Clearing down payment พักครุภัณฑ์",1214010000,"Regular","account.data_account_type_fixed_assets","FALSE"
1214010005,1214010005,"ค่าเสื่อมสะสม-พักครุภัณฑ์",1214010000,"Regular","account.data_account_type_fixed_assets","FALSE"
1214019990,1214019990,"สินทรัพย์ระหว่างทาง-INTERFACE",1214010000,"Regular","account.data_account_type_fixed_assets","FALSE"
1290010000,1290010000,"สินทรัพย์ไม่หมุนเวียนอื่น",1210000000,"View","account.data_account_type_view","FALSE"
1290010001,1290010001,"เงินกู้ยืมพนักงานผู้ประสบภัยธรรมชาติ",1290010000,"Regular","account.data_account_account_type_non_current_assets","FALSE"
1290019900,1290019900,"สินทรัพย์ไม่หมุนเวียนอื่น",1290010000,"Regular","account.data_account_account_type_non_current_assets","FALSE"
2000000000,2000000000,"หนี้สิน","BS","View","account.data_account_type_view","FALSE"
2100000000,2100000000,"หนี้สินหมุนเวียน",2000000000,"View","account.data_account_type_view","FALSE"
2101010000,2101010000,"เจ้าหนี้การค้า",2100000000,"View","account.data_account_type_view","FALSE"
2101010001,2101010001,"เจ้าหนี้การค้า-ในประเทศ",2101010000,"Payable","account.data_account_type_payable","TRUE"
2101010002,2101010002,"เจ้าหนี้การค้า-ต่างประเทศ",2101010000,"Payable","account.data_account_type_payable","TRUE"
2101010003,2101010003,"GR/IR [เจ้าหนี้การค้า]",2101010000,"Payable","account.data_account_type_payable","TRUE"
2101010004,2101010004,"เจ้าหนี้ฝากขายหนังสือ (Consignment)",2101010000,"Payable","account.data_account_type_payable","TRUE"
2101019990,2101019990,"เจ้าหนี้การค้า-ในประเทศ Interface",2101010000,"Payable","account.data_account_type_payable","TRUE"
2101019991,2101019991,"เจ้าหนี้การค้า-ต่างประเทศ Interface",2101010000,"Payable","account.data_account_type_payable","TRUE"
2102010000,2102010000,"เจ้าหนี้อื่น",2100000000,"View","account.data_account_type_view","FALSE"
2102010001,2102010001,"เจ้าหนี้หน่วยบริการ",2102010000,"Payable","account.data_account_type_payable","TRUE"
2102010002,2102010002,"เงินรอรับรู้",2102010000,"Payable","account.data_account_type_payable","TRUE"
2102019900,2102019900,"เจ้าหนี้อื่น",2102010000,"Payable","account.data_account_type_payable","TRUE"
2102019990,2102019990,"เจ้าหนี้อื่น Interface",2102010000,"Payable","account.data_account_type_payable","TRUE"
2103010000,2103010000,"ค่าใช้จ่ายค้างจ่าย",2100000000,"View","account.data_account_type_view","FALSE"
2103010001,2103010001,"ค่าใช้จ่ายค้างจ่าย",2103010000,"Regular","account.data_account_type_current_liabilities","FALSE"
2104010000,2104010000,"รายได้รับล่วงหน้า",2100000000,"View","account.data_account_type_view","FALSE"
2104010001,2104010001,"รายได้รับล่วงหน้า",2104010000,"Regular","account.data_account_type_current_liabilities","FALSE"
2105010000,2105010000,"เงินค้างนำส่ง",2100000000,"View","account.data_account_type_view","FALSE"
2105010001,2105010001,"เงินกองทุนสำรองเลี้ยงชีพ",2105010000,"Regular","account.data_account_type_current_liabilities","FALSE"
2105010002,2105010002,"ภาษีเงินได้บุคคลธรรมดาหัก ณ ที่จ่าย",2105010000,"Regular","account.data_account_type_current_liabilities","FALSE"
2105010003,2105010003,"ภาษีเงินได้นิติบุคคลหัก ณ ที่จ่าย",2105010000,"Regular","account.data_account_type_current_liabilities","FALSE"
2106010000,2106010000,"ภาษีขาย",2100000000,"View","account.data_account_type_view","FALSE"
2106010001,2106010001,"ภาษีขาย",2106010000,"Regular","account.data_account_type_output_tax","FALSE"
2106010002,2106010002,"บัญชีพักภาษีขาย",2106010000,"Regular","account.data_account_type_output_tax","FALSE"
2107010000,2107010000,"เงินงบประมาณกันเบิกเหลื่อมปี",2100000000,"View","account.data_account_type_view","FALSE"
2107010001,2107010001,"เงินงบประมาณกันเบิกเหลื่อมปี",2107010000,"Regular","account.data_account_type_current_liabilities","FALSE"
2190010000,2190010000,"หนี้สินหมุนเวียนอื่น",2100000000,"View","account.data_account_type_view","FALSE"
2190010001,2190010001,"รายได้รอการรับรู้",2190010000,"Regular","account.data_account_type_current_liabilities","FALSE"
2190019900,2190019900,"หนี้สินหมุนเวียนอื่น",2190010000,"Regular","account.data_account_type_current_liabilities","FALSE"
2200000000,2200000000,"หนี้สินไม่หมุนเวียน",2000000000,"View","account.data_account_type_view","FALSE"
2201010000,2201010000,"เงินสำรองรอจ่าย",2200000000,"View","account.data_account_type_view","FALSE"
2201010001,2201010001,"บัญชีเงินบำเหน็จพนักงาน สวทช. รอจ่าย",2201010000,"Regular","account.data_account_type_current_liabilities","FALSE"
2201010002,2201010002,"บัญชีเงินค่าสมนาคุณ สวทช. รอจ่าย",2201010000,"Regular","account.data_account_type_current_liabilities","FALSE"
2202010000,2202010000,"หนี้สินตามสัญญาเช่าการเงิน",2200000000,"View","account.data_account_type_view","FALSE"
2202010001,2202010001,"หนี้สินตามสัญญาเช่าการเงิน",2202010000,"Regular","account.data_account_account_type_non_current_liabilities","FALSE"
2203010000,2203010000,"เงินมัดจำ/เงินค้ำประกัน",2200000000,"View","account.data_account_type_view","FALSE"
2203010001,2203010001,"เงินมัดจำรับ-ค่าเช่าสำนักงาน",2203010000,"Regular","account.data_account_type_current_liabilities","FALSE"
2203010002,2203010002,"เงินมัดจำรับ-ค่าบริการส่วนกลาง",2203010000,"Regular","account.data_account_type_current_liabilities","FALSE"
2203010003,2203010003,"เงินมัดจำรับ-ค่าตกแต่งพื้นที่",2203010000,"Regular","account.data_account_type_current_liabilities","FALSE"
2203010004,2203010004,"เงินมัดจำรับ-ค่าเช่าป้าย",2203010000,"Regular","account.data_account_type_current_liabilities","FALSE"
2203010005,2203010005,"เงินมัดจำรับ-อื่น",2203010000,"Regular","account.data_account_type_current_liabilities","FALSE"
2203010006,2203010006,"เงินค้ำประกันรับ-สัญญา",2203010000,"Regular","account.data_account_type_current_liabilities","FALSE"
2203010007,2203010007,"เงินค้ำประกันรับ-ผลงาน",2203010000,"Regular","account.data_account_type_current_liabilities","FALSE"
2203010008,2203010008,"เงินค้ำประกันรับอื่น",2203010000,"Regular","account.data_account_type_current_liabilities","FALSE"
2290010000,2290010000,"หนี้สินไม่หมุนเวียนอื่น",2200000000,"View","account.data_account_type_view","FALSE"
2290019900,2290019900,"หนี้สินไม่หมุนเวียนอื่น",2290010000,"Regular","account.data_account_account_type_non_current_liabilities","FALSE"
3000000000,3000000000,"เงินกองทุน (ส่วนของเจ้าของ)","BS","View","account.data_account_type_view","FALSE"
3101010000,3101010000,"ทุน",3000000000,"View","account.data_account_type_view","FALSE"
3101010001,3101010001,"ทุนประเดิมของ สวทช.",3101010000,"Regular","account.data_account_type_fund_balance","FALSE"
3101010002,3101010002,"ทุนรับโอน-โครงการวิทยาศาสตร์และเทคโนโลยีฯ (STDB)",3101010000,"Regular","account.data_account_type_fund_balance","FALSE"
3101010003,3101010003,"ทุนรับโอน-สำนักงานปลัดกระทรวง กระทรวงวิทย์",3101010000,"Regular","account.data_account_type_fund_balance","FALSE"
3101010004,3101010004,"ทุนรับโอน-สวทช.",3101010000,"Regular","account.data_account_type_fund_balance","FALSE"
3101010005,3101010005,"ทุนรับโอน-NECTEC",3101010000,"Regular","account.data_account_type_fund_balance","FALSE"
3101010006,3101010006,"ทุนรับโอนอื่น",3101010000,"Regular","account.data_account_type_fund_balance","FALSE"
3101010007,3101010007,"ทุนที่โอนออก-สวทน.",3101010000,"Regular","account.data_account_type_fund_balance","FALSE"
3101010008,3101010008,"ทุนที่โอนออก-ADTEC",3101010000,"Regular","account.data_account_type_fund_balance","FALSE"
3101010009,3101010009,"ทุนที่โอนออกอื่น",3101010000,"Regular","account.data_account_type_fund_balance","FALSE"
3201010000,3201010000,"ส่วนเกินทุนจากการบริจาค",3000000000,"View","account.data_account_type_view","FALSE"
3201010001,3201010001,"ส่วนเกินทุนจากการบริจาค",3201010000,"Regular","account.data_account_type_fund_balance","FALSE"
3301010000,3301010000,"รายได้สูงกว่า(ต่ำกว่า)ค่าใช้จ่ายสะสม",3000000000,"View","account.data_account_type_view","FALSE"
3301010001,3301010001,"รายได้สูงกว่า (ต่ำกว่า) ค่าใช้จ่ายสะสม",3301010000,"Regular","account.data_account_type_fund_balance","FALSE"
3301010002,3301010002,"กำไร/ขาดทุน ที่ยังไม่เกิดขึ้นในหลักทรัพย์เผื่อขาย",3301010000,"Regular","account.data_account_type_fund_balance","FALSE"
"PL","PL","งบแสดงรายรับรายจ่าย",0,"View","account.data_account_type_view","FALSE"
4000000000,4000000000,"รายได้","PL","View","account.data_account_type_view","FALSE"
4100000000,4100000000,"รายได้เงินอุดหนุนจากรัฐบาล",4000000000,"View","account.data_account_type_view","FALSE"
4101010000,4101010000,"เงินอุดหนุนจากรัฐบาล",4100000000,"View","account.data_account_type_view","FALSE"
4101010001,4101010001,"รายได้เงินอุดหนุน-งบประมาณแผ่นดิน",4101010000,"Regular","account.data_account_type_revenue","FALSE"
4200000000,4200000000,"รายได้เงินอุดหนุน",4000000000,"View","account.data_account_type_view","FALSE"
4201010000,4201010000,"เงินอุดหนุนเพื่อการวิจัย",4200000000,"View","account.data_account_type_view","FALSE"
4201010001,4201010001,"รายได้เงินอุดหนุนเพื่อการวิจัย",4201010000,"Regular","account.data_account_type_revenue","FALSE"
4202010000,4202010000,"เงินอุดหนุนอื่น",4200000000,"View","account.data_account_type_view","FALSE"
4202010001,4202010001,"รายได้เงินอุดหนุนเพื่อการพัฒนาบุคลากร",4202010000,"Regular","account.data_account_type_revenue","FALSE"
4202010002,4202010002,"รายได้เงินอุดหนุนเพื่อการจัดสัมมนา",4202010000,"Regular","account.data_account_type_revenue","FALSE"
4202010003,4202010003,"รายได้เงินอุดหนุนเพื่อพัฒนาทักษะเทคโนโลยี และนวัตกรรม ตามประกาศ-BOI",4202010000,"Regular","account.data_account_type_revenue","FALSE"
4202019900,4202019900,"รายได้เงินอุดหนุนอื่น",4202010000,"Regular","account.data_account_type_revenue","FALSE"
4300000000,4300000000,"รายได้ค่าบริการและขายสินค้า",4000000000,"View","account.data_account_type_view","FALSE"
4301010000,4301010000,"รายได้จากการให้ค่าที่ปรึกษาและวิเคราะห์ระบบงาน",4300000000,"View","account.data_account_type_view","FALSE"
4301010001,4301010001,"รายได้ค่าที่ปรึกษาและวิเคราะห์ระบบงาน",4301010000,"Regular","account.data_account_type_revenue","FALSE"
4302010000,4302010000,"รายได้บริการเทคนิคและวิชาการ",4300000000,"View","account.data_account_type_view","FALSE"
4302010001,4302010001,"รายได้การขายพัสดุต้นแบบงานวิจัย",4302010000,"Regular","account.data_account_type_revenue","FALSE"
4302010002,4302010002,"รายได้การวิเคราะห์ทดสอบ/สอบเทียบ/ใบรับรองคุณภาพ",4302010000,"Regular","account.data_account_type_revenue","FALSE"
4302010003,4302010003,"รายได้บริการเทคนิค",4302010000,"Regular","account.data_account_type_revenue","FALSE"
4303010000,4303010000,"รายได้จากสิทธิประโยชน์ของงานวิจัยและพัฒนา",4300000000,"View","account.data_account_type_view","FALSE"
4303010001,4303010001,"รายได้ค่าสิทธิประโยชน์ของงานวิจัย พัฒนา",4303010000,"Regular","account.data_account_type_revenue","FALSE"
4304010000,4304010000,"รายได้ค่าสมาชิก/ขายหนังสือ/วารสาร",4300000000,"View","account.data_account_type_view","FALSE"
4304010001,4304010001,"รายได้ค่าสมาชิก/ขายหนังสือ/วารสาร",4303010000,"Regular","account.data_account_type_revenue","FALSE"
4305010000,4305010000,"รายได้ค่าเช่าและบริการทั่วไป",4300000000,"View","account.data_account_type_view","FALSE"
4305010001,4305010001,"รายได้ค่าเช่า",4305010000,"Regular","account.data_account_type_revenue","FALSE"
4305010002,4305010002,"รายได้ค่าบริการส่วนกลาง",4305010000,"Regular","account.data_account_type_revenue","FALSE"
4305010003,4305010003,"รายได้ตกแต่งพื้นที่",4305010000,"Regular","account.data_account_type_revenue","FALSE"
4305010004,4305010004,"รายได้ค่าบริการต่อเชื่อมโทรศัพท์คู่สาย",4305010000,"Regular","account.data_account_type_revenue","FALSE"
4305010005,4305010005,"รายได้ค่าบริการสาธารณูปโภค",4305010000,"Regular","account.data_account_type_revenue","FALSE"
4305010006,4305010006,"รายได้บริการทำความสะอาด",4305010000,"Regular","account.data_account_type_revenue","FALSE"
4305010007,4305010007,"รายได้กำจัดขยะของเสีย",4305010000,"Regular","account.data_account_type_revenue","FALSE"
4306010000,4306010000,"รายได้จากการรับจ้างและร่วมวิจัยพัฒนา",4300000000,"View","account.data_account_type_view","FALSE"
4306010001,4306010001,"รายได้จากการรับจ้างวิจัย",4306010000,"Regular","account.data_account_type_revenue","FALSE"
4306010002,4306010002,"รายได้จากการร่วมวิจัย",4306010000,"Regular","account.data_account_type_revenue","FALSE"
4307010000,4307010000,"รายได้การจัดสัมมนาและฝึกอบรม",4300000000,"View","account.data_account_type_view","FALSE"
4307010001,4307010001,"รายได้การจัดสัมมนาและฝึกอบรม",4307010000,"Regular","account.data_account_type_revenue","FALSE"
4308010001,4308010001,"รายได้จากการขายของที่ระลึก",4307010000,"Regular","account.data_account_type_revenue","FALSE"
4309010000,4309010000,"รายได้รับรองจดลิขสิทธิ์/สิทธิบัตร/โครงการวิจัย",4300000000,"View","account.data_account_type_view","FALSE"
4309010001,4309010001,"รายได้รับรองจดลิขสิทธิ์/สิทธิบัตร/โครงการวิจัย",4309010000,"Regular","account.data_account_type_revenue","FALSE"
4390010000,4390010000,"รายได้การให้บริการอื่น",4300000000,"View","account.data_account_type_view","FALSE"
4390010001,4390010001,"รายได้การให้บริการอื่น",4390010000,"Regular","account.data_account_type_revenue","FALSE"
4900000000,4900000000,"รายได้อื่น",4000000000,"View","account.data_account_type_view","FALSE"
4901010000,4901010000,"ดอกเบี้ยรับและเงินปันผล",4900000000,"Regular","account.data_account_type_revenue","FALSE"
4901010001,4901010001,"ดอกเบี้ยรับ",4901010000,"Regular","account.data_account_type_revenue","FALSE"
4901010002,4901010002,"เงินปันผลรับ",4901010000,"Regular","account.data_account_type_revenue","FALSE"
4902010000,4902010000,"เงินเหลือจ่ายรับคืน/ส่งคืน",4900000000,"View","account.data_account_type_view","FALSE"
4902010001,4902010001,"เงินเหลือจ่ายรับคืน/ส่งคืน",4902010000,"Regular","account.data_account_type_revenue","FALSE"
4990010000,4990010000,"รายได้เบ็ดเตล็ด",4900000000,"View","account.data_account_type_view","FALSE"
4990010001,4990010001,"รายรับจากการชดใช้คืนทุนเพื่อการศึกษา",4990010000,"Regular","account.data_account_type_revenue","FALSE"
4990010002,4990010002,"รายได้ค่าโฆษณา",4990010000,"Regular","account.data_account_type_revenue","FALSE"
4990010003,4990010003,"รายได้ค่าปรับ/ดอกเบี้ยล่าช้า",4990010000,"Regular","account.data_account_type_revenue","FALSE"
4990010004,4990010004,"รายได้ค่ายึดหลักประกัน",4990010000,"Regular","account.data_account_type_revenue","FALSE"
4990010005,4990010005,"รายรับจากการรับบริจาคครุภัณฑ์",4990010000,"Regular","account.data_account_type_revenue","FALSE"
4990010006,4990010006,"หนี้สูญได้รับคืน",4990010000,"Regular","account.data_account_type_revenue","FALSE"
4990010007,4990010007,"ผลต่างจากการปรับปรุงทางภาษี",4990010000,"Regular","account.data_account_type_revenue","FALSE"
4990019990,4990019990,"รายได้เบ็ดเตล็ดอื่น",4990010000,"Regular","account.data_account_type_revenue","FALSE"
4990020000,4990020000,"กำไร/ขาดทุน",4900000000,"View","account.data_account_type_view","FALSE"
4990020001,4990020001,"กำไร/ขาดทุน",4990020000,"Regular","account.data_account_type_revenue","FALSE"
5000000000,5000000000,"ค่าใช้จ่าย","PL","View","account.data_account_type_view","FALSE"
5100000000,5100000000,"ค่าใช้จ่ายบุคคลากร",5000000000,"View","account.data_account_type_view","FALSE"
5101000000,5101000000,"เงินเดือนและค่าจ้าง",5100000000,"View","account.data_account_type_view","FALSE"
5101010000,5101010000,"เงินเดือน",5101000000,"View","account.data_account_type_view","FALSE"
5101010001,5101010001,"เงินเดือน-พนักงาน สวทช.",5101010000,"Regular","account.data_account_account_type_personnel_costs","FALSE"
5101010002,5101010002,"เงินเดือน-พนักงานโครงการ สวทช.",5101010000,"Regular","account.data_account_account_type_personnel_costs","FALSE"
5101020000,5101020000,"ค่าล่วงเวลา",5101000000,"View","account.data_account_type_view","FALSE"
5101020001,5101020001,"ค่าล่วงเวลา-พนักงาน สวทช.",5101020000,"Regular","account.data_account_account_type_personnel_costs","FALSE"
5101020002,5101020002,"ค่าล่วงเวลา-พนักงานโครงการ สวทช.",5101020000,"Regular","account.data_account_account_type_personnel_costs","FALSE"
5101030000,5101030000,"ค่าใช้จ่ายบุคคลากรอื่น",5101000000,"Regular","account.data_account_account_type_personnel_costs","FALSE"
5101030001,5101030001,"เงินเพิ่มพิเศษ-พนักงาน สวทช.",5101030000,"Regular","account.data_account_account_type_personnel_costs","FALSE"
5101030002,5101030002,"เงินเพิ่มพิเศษ-พนักงานโครงการ สวทช.",5101030000,"Regular","account.data_account_account_type_personnel_costs","FALSE"
5102000000,5102000000,"ค่าสวัสดิการ       ",5100000000,"View","account.data_account_type_view","FALSE"
5102010000,5102010000,"เงินสวัสดิการ-บำเหน็จ",5102000000,"View","account.data_account_type_view","FALSE"
5102010001,5102010001,"เงินสวัสดิการ-บำเหน็จ",5102000000,"Regular","account.data_account_account_type_personnel_costs","FALSE"
5102020000,5102020000,"เงินสมทบกองทุนสำรองเลี้ยงชีพ",5102000000,"View","account.data_account_type_view","FALSE"
5102020001,5102020001,"เงินสมทบกองทุนสำรองเลี้ยงชีพ-พนักงาน สวทช.",5102020000,"Regular","account.data_account_account_type_personnel_costs","FALSE"
5102020002,5102020002,"เงินสมทบกองทุนสำรองเลี้ยงชีพ-พนักงานโครงการ สวทช.",5102020000,"Regular","account.data_account_account_type_personnel_costs","FALSE"
5102030000,5102030000,"เงินสวัสดิการ-ค่ารักษาพยาบาล",5102000000,"View","account.data_account_type_view","FALSE"
5102030001,5102030001,"เงินสวัสดิการ-ค่ารักษาพยาบาล-พนักงาน สวทช.",5102030000,"Regular","account.data_account_account_type_personnel_costs","FALSE"
5102030002,5102030002,"เงินสวัสดิการ-ค่ารักษาพยาบาล-พนักงานโครงการ สวทช.",5102030000,"Regular","account.data_account_account_type_personnel_costs","FALSE"
5102040000,5102040000,"เงินสวัสดิการ-ค่าเล่าเรียนบุตร",5102000000,"View","account.data_account_type_view","FALSE"
5102040001,5102040001,"เงินสวัสดิการ-ค่าเล่าเรียนบุตร-พนักงาน สวทช.",5102040000,"Regular","account.data_account_account_type_personnel_costs","FALSE"
5102040002,5102040002,"เงินสวัสดิการ-ค่าเล่าเรียนบุตร-พนักงานโครงการ สวทช.",5102040000,"Regular","account.data_account_account_type_personnel_costs","FALSE"
5102050000,5102050000,"เงินชดเชยช่วยเหลือพนักงาน",5102000000,"View","account.data_account_type_view","FALSE"
5102050001,5102050001,"เงินชดเชยช่วยเหลือ-พนักงาน สวทช.",5102050000,"Regular","account.data_account_account_type_personnel_costs","FALSE"
5102050002,5102050002,"เงินชดเชยช่วยเหลือ-พนักงานโครงการ สวทช.",5102050000,"Regular","account.data_account_account_type_personnel_costs","FALSE"
5102060000,5102060000,"เงินสวัสดิการ-ค่าทำศพ",5102000000,"View","account.data_account_type_view","FALSE"
5102060001,5102060001,"เงินช่วยเหลือค่าทำศพ-พนักงาน สวทช.",5102060000,"Regular","account.data_account_account_type_personnel_costs","FALSE"
5102060002,5102060002,"เงินช่วยเหลือค่าทำศพ-พนักงานโครงการ สวทช.",5102060000,"Regular","account.data_account_account_type_personnel_costs","FALSE"
5102070000,5102070000,"เงินสวัสดิการ-กิจกรรมเสริมสร้างสุขภาพ",5102000000,"View","account.data_account_type_view","FALSE"
5102070001,5102070001,"เงินสวัสดิการ-กิจกรรมเสริมสร้างสุขภาพ-พนักงาน สวทช.",5102070000,"Regular","account.data_account_account_type_personnel_costs","FALSE"
5102070002,5102070002,"เงินสวัสดิการ-กิจกรรมเสริมสร้างสุขภาพ-พนักงานโครงการ สวทช.",5102070000,"Regular","account.data_account_account_type_personnel_costs","FALSE"
5102080000,5102080000,"เงินส่วนเพิ่มค่าครองชีพ",5102000000,"View","account.data_account_type_view","FALSE"
5102080001,5102080001,"เงินเพิ่มค่าครองชีพ-พนักงาน สวทช.",5102080000,"Regular","account.data_account_account_type_personnel_costs","FALSE"
5102080002,5102080002,"เงินเพิ่มค่าครองชีพ-พนักงานโครงการ สวทช.",5102080000,"Regular","account.data_account_account_type_personnel_costs","FALSE"
5102090000,5102090000,"ค่าเบี้ยประกันสุขภาพและอุบัติเหตุ (สวัสดิการเลือกได้)",5102000000,"View","account.data_account_type_view","FALSE"
5102090001,5102090001,"ค่าเบี้ยประกันสุขภาพและอุบัติเหตุ-พนักงาน สวทช.",5102090000,"Regular","account.data_account_account_type_personnel_costs","FALSE"
5102090002,5102090002,"ค่าเบี้ยประกันสุขภาพและอุบัติเหตุ-พนักงานโครงการ สวทช.",5102090000,"Regular","account.data_account_account_type_personnel_costs","FALSE"
5102100000,5102100000,"ค่ารถรับส่งพนักงาน",5102000000,"View","account.data_account_type_view","FALSE"
5102100001,5102100001,"ค่ารถรับส่งพนักงาน",5102100000,"Regular","account.data_account_account_type_personnel_costs","FALSE"
5102110000,5102110000,"เงินช่วยเหลืออื่น",5102000000,"View","account.data_account_type_view","FALSE"
5102110001,5102110001,"เงินช่วยเหลือ-ภัยธรรมชาติ",5102110000,"Regular","account.data_account_account_type_personnel_costs","FALSE"
5103000000,5103000000,"ค่าพัฒนาบุคคลากร สวทช. (ค่าเดินทาง สัมมนาและฝึกอบรม) ",5100000000,"View","account.data_account_type_view","FALSE"
5103010000,5103010000,"ค่าพัฒนาบุคลากร สวทช.-ในประเทศ",5103000000,"Regular","account.data_account_type_expense","FALSE"
5103010001,5103010001,"ค่าพัฒนาบุคลากร สวทช.-ในประเทศ",5103010000,"Regular","account.data_account_type_expense","FALSE"
5103020000,5103020000,"ค่าพัฒนาบุคลากร สวทช.-ต่างประเทศ",5103000000,"Regular","account.data_account_type_expense","FALSE"
5103020001,5103020001,"ค่าพัฒนาบุคลากร สวทช.-ต่างประเทศ",5103020000,"Regular","account.data_account_type_expense","FALSE"
5200000000,5200000000,"ค่าใช้จ่ายดำเนินงาน",5000000000,"View","account.data_account_type_view","FALSE"
5201010000,5201010000,"ค่าตอบแทน",5200000000,"View","account.data_account_type_view","FALSE"
5201010001,5201010001,"ค่าเบี้ยประชุม",5201010000,"Regular","account.data_account_type_expense","FALSE"
5201010002,5201010002,"ค่าตอบแทนผู้ปฏิบัติงานให้สำนักงาน",5201010000,"Regular","account.data_account_type_expense","FALSE"
5201010003,5201010003,"ค่าสมนาคุณพิเศษ",5201010000,"Regular","account.data_account_type_expense","FALSE"
5201010004,5201010004,"ค่านายหน้าจากการฝากขายหนังสือ",5201010000,"Regular","account.data_account_type_expense","FALSE"
5202000000,5202000000,"ค่าใช้สอย",5200000000,"View","account.data_account_type_view","FALSE"
5202010000,5202010000,"ค่าจัดฝึกอบรมและสัมมนา",5202000000,"Regular","account.data_account_type_expense","FALSE"
5202010001,5202010001,"ค่าจัดฝึกอบรมบุคคลภายนอก-ในประเทศ",5202000000,"Regular","account.data_account_type_expense","FALSE"
5202010002,5202010002,"ค่าจัดฝึกอบรมบุคคลภายนอก-ต่างประเทศ",5202000000,"Regular","account.data_account_type_expense","FALSE"
5202020000,5202020000,"ค่าใช้จ่ายในการเดินทางปฏิบัติงาน",5202000000,"Regular","account.data_account_type_expense","FALSE"
5202020001,5202020001,"ค่าใช้จ่ายในการเดินทางปฏิบัติงาน-ในประเทศ",5202020000,"Regular","account.data_account_type_expense","FALSE"
5202020002,5202020002,"ค่าใช้จ่ายในการเดินทางปฏิบัติงาน-ต่างประเทศ",5202020000,"Regular","account.data_account_type_expense","FALSE"
5202030000,5202030000,"ค่าจัดงานบริการสถานที่",5202000000,"View","account.data_account_type_view","FALSE"
5202030001,5202030001,"ค่าจัดงานบริการสถานที่",5202030000,"Regular","account.data_account_type_expense","FALSE"
5202040000,5202040000,"ค่าภาษี",5202000000,"View","account.data_account_type_view","FALSE"
5202040001,5202040001,"ค่าภาษี",5202040000,"Regular","account.data_account_type_expense","FALSE"
5202050000,5202050000,"ค่าธรรมเนียม",5202000000,"View","account.data_account_type_view","FALSE"
5202050001,5202050001,"ค่าธรรมเนียม",5202050000,"Regular","account.data_account_type_expense","FALSE"
5202060000,5202060000,"ค่าซ่อมแซม",5202000000,"View","account.data_account_type_view","FALSE"
5202060001,5202060001,"ค่าซ่อมแซม",5202060000,"Regular","account.data_account_type_expense","FALSE"
5202070000,5202070000,"ค่าบำรุงรักษา",5202000000,"View","account.data_account_type_view","FALSE"
5202070001,5202070001,"ค่าบำรุงรักษา",5202070000,"Regular","account.data_account_type_expense","FALSE"
5202080000,5202080000,"ค่าเบี้ยประกัน",5202000000,"View","account.data_account_type_view","FALSE"
5202080001,5202080001,"ค่าเบี้ยประกันชีวิต",5202080000,"Regular","account.data_account_type_expense","FALSE"
5202080002,5202080002,"ค่าเบี้ยประกันภัยทรัพย์สิน",5202080000,"Regular","account.data_account_type_expense","FALSE"
5202090000,5202090000,"ค่าตรวจสุขภาพ",5202000000,"View","account.data_account_type_view","FALSE"
5202090001,5202090001,"ค่าตรวจสุขภาพ-บุคคลภายนอก",5202090000,"Regular","account.data_account_type_expense","FALSE"
5202100000,5202100000,"ค่ารับรองและพิธีการ",5202000000,"View","account.data_account_type_view","FALSE"
5202100001,5202100001,"ค่ารับรองและพิธีการ",5202100000,"Regular","account.data_account_type_expense","FALSE"
5202110000,5202110000,"ค่าบริหารอาคาร",5202000000,"View","account.data_account_type_view","FALSE"
5202110001,5202110001,"ค่าบริหารอาคาร",5202110000,"Regular","account.data_account_type_expense","FALSE"
5202110002,5202110002,"ค่าบริการรักษาความปลอดภัย",5202110000,"Regular","account.data_account_type_expense","FALSE"
5202110003,5202110003,"ค่าบริการรักษาความสะอาด",5202110000,"Regular","account.data_account_type_expense","FALSE"
5202120000,5202120000,"ค่าเช่าทรัพย์สิน",5202000000,"View","account.data_account_type_view","FALSE"
5202120001,5202120001,"ค่าเช่ารถ",5202120000,"Regular","account.data_account_type_expense","FALSE"
5202120002,5202120002,"ค่าเช่าที่ดิน",5202120000,"Regular","account.data_account_type_expense","FALSE"
5202120003,5202120003,"ค่าเช่าสถานที่",5202120000,"Regular","account.data_account_type_expense","FALSE"
5202120004,5202120004,"ค่าเช่าทรัพย์สินและอุปกรณ์",5202120000,"Regular","account.data_account_type_expense","FALSE"
5202130000,5202130000,"ค่าใช้จ่ายในการซื้อลิขสิทธิ์ และฐานข้อมูล",5202000000,"View","account.data_account_type_view","FALSE"
5202130001,5202130001,"ค่าใช้จ่ายในการซื้อลิขสิทธิ์ และฐานข้อมูล",5202130000,"Regular","account.data_account_type_expense","FALSE"
5202140000,5202140000,"ค่าสอบเทียบและวิเคราะห์ทดสอบ",5202000000,"View","account.data_account_type_view","FALSE"
5202140001,5202140001,"ค่าสอบเทียบและวิเคราะห์ทดสอบ",5202140000,"Regular","account.data_account_type_expense","FALSE"
5202150000,5202150000,"ค่าโฆษณาและประชาสัมพันธ์",5202000000,"View","account.data_account_type_view","FALSE"
5202150001,5202150001,"ค่าโฆษณาและเผยแพร่",5202150000,"Regular","account.data_account_type_expense","FALSE"
5202160000,5202160000,"ค่าจ้างเหมาบริการ",5202000000,"View","account.data_account_type_view","FALSE"
5202160001,5202160001,"ค่าจ้างเหมาบริการ",5202160000,"Regular","account.data_account_type_expense","FALSE"
5202160002,5202160002,"ค่าพนักงานต้อนรับ/ประชาสัมพันธ์",5202160000,"Regular","account.data_account_type_expense","FALSE"
5202170000,5202170000,"หนี้สูญและหนี้สงสัยจะสูญ",5202000000,"View","account.data_account_type_view","FALSE"
5202170001,5202170001,"หนี้สูญ",5202170000,"Regular","account.data_account_type_expense","FALSE"
5202170002,5202170002,"หนี้สงสัยจะสูญ",5202170000,"Regular","account.data_account_type_expense","FALSE"
5202180000,5202180000,"ค่าใช้สอยอื่น",5202000000,"View","account.data_account_type_view","FALSE"
5202180001,5202180001,"ค่าถ่ายเอกสาร",5202180000,"Regular","account.data_account_type_expense","FALSE"
5202180002,5202180002,"ค่าพัฒนาเว็บไซด์/สื่อการเรียนรู้/ฐานข้อมูล",5202180000,"Regular","account.data_account_type_expense","FALSE"
5202180003,5202180003,"ค่าส่งเสริมการขาย",5202180000,"Regular","account.data_account_type_expense","FALSE"
5202189900,5202189900,"ค่าใช้สอยอื่น ๆ",5202180000,"Regular","account.data_account_type_expense","FALSE"
5203000000,5203000000,"ค่าวัสดุ",5200000000,"View","account.data_account_type_view","FALSE"
5203010000,5203010000,"ค่าวัสดุ",5203000000,"View","account.data_account_type_view","FALSE"
5203010001,5203010001,"ค่าวัสดุสำนักงาน",5203010000,"Regular","account.data_account_type_expense","FALSE"
5203010002,5203010002,"ค่าวัสดุโฆษณาและเผยแพร่",5203010000,"Regular","account.data_account_type_expense","FALSE"
5203010003,5203010003,"ค่าวัสดุฝึกอบรม",5203010000,"Regular","account.data_account_type_expense","FALSE"
5203010004,5203010004,"ค่าวัสดุงานบ้านและงานครัว",5203010000,"Regular","account.data_account_type_expense","FALSE"
5203010005,5203010005,"ค่าวัสดุหนังสือ วารสาร และตำรา",5203010000,"Regular","account.data_account_type_expense","FALSE"
5203010006,5203010006,"ค่าวัสดุวิทยาศาสตร์",5203010000,"Regular","account.data_account_type_expense","FALSE"
5203010007,5203010007,"ค่าวัสดุคอมพิวเตอร์",5203010000,"Regular","account.data_account_type_expense","FALSE"
5203010008,5203010008,"ค่าวัสดุอุปกรณ์ทางการแพทย์",5203010000,"Regular","account.data_account_type_expense","FALSE"
5203010009,5203010009,"ค่าวัสดุไฟฟ้าและวิทยุ",5203010000,"Regular","account.data_account_type_expense","FALSE"
5203010010,5203010010,"ค่าวัสดุกีฬา/ดนตรีนาฎศิลป์",5203010000,"Regular","account.data_account_type_expense","FALSE"
5203010011,5203010011,"ค่าวัสดุงานวิจัย/ต้นแบบ",5203010000,"Regular","account.data_account_type_expense","FALSE"
5203010012,5203010012,"ค่าวัสดุยานพาหนะ",5203010000,"Regular","account.data_account_type_expense","FALSE"
5203010013,5203010013,"ค่าวัสดุความปลอดภัย",5203010000,"Regular","account.data_account_type_expense","FALSE"
5203010014,5203010014,"ค่าเชื้อเพลิง/หล่อลื่น",5203010000,"Regular","account.data_account_type_expense","FALSE"
5203010015,5203010015,"ค่าวัสดุก่อสร้าง",5203010000,"Regular","account.data_account_type_expense","FALSE"
5203010016,5203010016,"ค่าวัสดุการเกษตร/ปศุสัตว์/ประมง",5203010000,"Regular","account.data_account_type_expense","FALSE"
5203010017,5203010017,"ค่าวัสดุเพื่อขาย",5203010000,"Regular","account.data_account_type_expense","FALSE"
5203010018,5203010018,"ค่าวัสดุครุภัณฑ์ต่ำกว่าเกณฑ์",5203010000,"Regular","account.data_account_type_expense","FALSE"
5203010019,5203010019,"ค่าครุภัณฑ์วิจัยต้นแบบ",5203010000,"Regular","account.data_account_type_expense","FALSE"
5203019900,5203019900,"ค่าวัสดุอื่น ๆ",5203010000,"Regular","account.data_account_type_expense","FALSE"
5203019901,5203019901,"ค่าวัสดุเพื่อขาย-INTERFACE",5203010000,"Regular","account.data_account_type_expense","FALSE"
5203020000,5203020000,"ปรับปรุงมูลค่าทางบัญชี",5203000000,"View","account.data_account_type_view","FALSE"
5203020001,5203020001,"ปรับปรุงมูลค่าจาก Price Diff",5203020000,"Regular","account.data_account_type_expense","FALSE"
5204000000,5204000000,"ค่าสาธารณูปโภค",5200000000,"View","account.data_account_type_view","FALSE"
5204010001,5204010001,"ค่าไฟฟ้า",5204000000,"Regular","account.data_account_type_expense","FALSE"
5204010002,5204010002,"ค่าประปา",5204000000,"Regular","account.data_account_type_expense","FALSE"
5204010003,5204010003,"ค่าโทรศัพท์",5204000000,"Regular","account.data_account_type_expense","FALSE"
5204010004,5204010004,"ค่าไปรษณีย์",5204000000,"Regular","account.data_account_type_expense","FALSE"
5204010005,5204010005,"ค่าบริการโทรคมนาคม",5204000000,"Regular","account.data_account_type_expense","FALSE"
5205010000,5205010000,"เงินอุดหนุน",5200000000,"View","account.data_account_type_view","FALSE"
5205010001,5205010001,"เงินอุดหนุนการวิจัย",5205010000,"Regular","account.data_account_type_expense","FALSE"
5205010002,5205010002,"เงินอุดหนุนหน่วยเครือข่าย",5205010000,"Regular","account.data_account_type_expense","FALSE"
5205010003,5205010003,"เงินอุดหนุนความร่วมมือการวิจัย",5205010000,"Regular","account.data_account_type_expense","FALSE"
5205010004,5205010004,"เงินอุดหนุนการเข้าร่วมประชุมสัมมนา/ปฏิบัติงาน",5205010000,"Regular","account.data_account_type_expense","FALSE"
5205010005,5205010005,"เงินอุดหนุนเพื่อจัดประชุม/สัมมนา/ฝึกอบรม",5205010000,"Regular","account.data_account_type_expense","FALSE"
5205010006,5205010006,"ทุนบัณฑิตศึกษา",5205010000,"Regular","account.data_account_type_expense","FALSE"
5205010007,5205010007,"ทุนกระทรวงวิทย์",5205010000,"Regular","account.data_account_type_expense","FALSE"
5205019900,5205019900,"เงินอุดหนุนอื่นๆ",5205010000,"Regular","account.data_account_type_expense","FALSE"
5206000000,5206000000,"รายจ่ายอื่น",5200000000,"View","account.data_account_type_view","FALSE"
5206010000,5206010000,"รายจ่ายอื่น",5206000000,"View","account.data_account_type_view","FALSE"
5206020000,5206020000,"ค่าใช้จ่ายเพื่อแลกเปลี่ยนบุคลากร",5206000000,"View","account.data_account_type_view","FALSE"
5206020001,5206020001,"ค่าตอบแทน NCR",5206020000,"Regular","account.data_account_type_expense","FALSE"
5206020002,5206020002,"ค่าตั๋วเครื่องบิน NCR",5206020000,"Regular","account.data_account_type_expense","FALSE"
5206020003,5206020003,"ค่าเบี้ยเลี้ยง NCR",5206020000,"Regular","account.data_account_type_expense","FALSE"
5206020004,5206020004,"ค่าที่พัก NCR",5206020000,"Regular","account.data_account_type_expense","FALSE"
5206020005,5206020005,"ค่าพาหนะเดินทางและค่าที่จอดรถ NCR",5206020000,"Regular","account.data_account_type_expense","FALSE"
5206020006,5206020006,"ค่าเบี้ยประกันและค่าตรวจสุขภาพ NCR",5206020000,"Regular","account.data_account_type_expense","FALSE"
5206029900,5206029900,"ค่าใช้จ่ายอื่น NCR",5206020000,"Regular","account.data_account_type_expense","FALSE"
5206030000,5206030000,"ค่าจ้างที่ปรึกษา/ศึกษา",5206000000,"View","account.data_account_type_view","FALSE"
5206030001,5206030001,"ค่าจ้างที่ปรึกษา/ผู้เชี่ยวชาญ",5206030000,"Regular","account.data_account_type_expense","FALSE"
5206030002,5206030002,"ค่าศึกษา/ประเมินโครงการ",5206030000,"Regular","account.data_account_type_expense","FALSE"
5206040000,5206040000,"ค่าสอบบัญชี/ตรวจประเมิน",5206000000,"View","account.data_account_type_view","FALSE"
5206040001,5206040001,"ค่าสอบบัญชี",5206040000,"Regular","account.data_account_type_expense","FALSE"
5206040002,5206040002,"ค่าตรวจประเมินคุณภาพ",5206040000,"Regular","account.data_account_type_expense","FALSE"
5206050000,5206050000,"ค่าสมาชิก",5206000000,"View","account.data_account_type_view","FALSE"
5206050001,5206050001,"ค่าสมาชิก",5206050000,"Regular","account.data_account_type_expense","FALSE"
5206060000,5206060000,"ค่าจัดหาครุภัณฑ์และอุปกรณ์สำหรับงานรับจ้าง",5206000000,"View","account.data_account_type_view","FALSE"
5206060001,5206060001,"ค่าใช้จ่ายซื้อทรัพย์สิน/พัสดุ สำหรับโครงการ/งานบริการ เพื่อส่งมอบ",5206060000,"Regular","account.data_account_type_expense","FALSE"
5206060002,5206060002,"ค่าครุภัณฑ์เพื่อการส่งมอบ",5206060000,"Regular","account.data_account_type_expense","FALSE"
5206080000,5206080000,"ค่าเสื่อมราคา",5206000000,"View","account.data_account_type_view","FALSE"
5206080001,5206080001,"ค่าเสื่อมราคา-อาคารเพื่อการลงทุน",5206080000,"Regular","account.data_account_account_type_depreciation","FALSE"
5206080002,5206080002,"ค่าเสื่อมราคา-ส่วนปรับปรุงอาคารเพื่อการลงทุน",5206080000,"Regular","account.data_account_account_type_depreciation","FALSE"
5206080003,5206080003,"ค่าเสื่อมราคา-ส่วนปรับปรุงที่ดิน",5206080000,"Regular","account.data_account_account_type_depreciation","FALSE"
5206080004,5206080004,"ค่าเสื่อมราคา-อาคาร",5206080000,"Regular","account.data_account_account_type_depreciation","FALSE"
5206080005,5206080005,"ค่าเสื่อมราคา-อาคารชั่วคราว",5206080000,"Regular","account.data_account_account_type_depreciation","FALSE"
5206080006,5206080006,"ค่าเสื่อมราคา-สิ่งปลูกสร้าง",5206080000,"Regular","account.data_account_account_type_depreciation","FALSE"
5206080007,5206080007,"ค่าเสื่อมราคา-ส่วนปรับปรุงอาคาร",5206080000,"Regular","account.data_account_account_type_depreciation","FALSE"
5206080008,5206080008,"ค่าเสื่อมราคา-ครุภัณฑ์สำนักงาน",5206080000,"Regular","account.data_account_account_type_depreciation","FALSE"
5206080009,5206080009,"ค่าเสื่อมราคา-ครุภัณฑ์วิทยาศาสตร์",5206080000,"Regular","account.data_account_account_type_depreciation","FALSE"
5206080010,5206080010,"ค่าเสื่อมราคา-ครุภัณฑ์โฆษณาและเผยแพร่",5206080000,"Regular","account.data_account_account_type_depreciation","FALSE"
5206080011,5206080011,"ค่าเสื่อมราคา-ครุภัณฑ์ไฟฟ้าและวิทยุ",5206080000,"Regular","account.data_account_account_type_depreciation","FALSE"
5206080012,5206080012,"ค่าเสื่อมราคา-ครุภัณฑ์คอมพิวเตอร์",5206080000,"Regular","account.data_account_account_type_depreciation","FALSE"
5206080013,5206080013,"ค่าเสื่อมราคา-ครุภัณฑ์งานบ้านงานครัว",5206080000,"Regular","account.data_account_account_type_depreciation","FALSE"
5206080014,5206080014,"ค่าเสื่อมราคา-ครุภัณฑ์การแพทย์",5206080000,"Regular","account.data_account_account_type_depreciation","FALSE"
5206080015,5206080015,"ค่าเสื่อมราคา-ครุภัณฑ์กีฬา/ดนตรีนาฎศิลป์",5206080000,"Regular","account.data_account_account_type_depreciation","FALSE"
5206080016,5206080016,"ค่าเสื่อมราคา-ครุภัณฑ์การเกษตร",5206080000,"Regular","account.data_account_account_type_depreciation","FALSE"
5206080017,5206080017,"ค่าเสื่อมราคา-ยานพาหนะ",5206080000,"Regular","account.data_account_account_type_depreciation","FALSE"
5206080018,5206080018,"ค่าตัดจำหน่าย-สินทรัพย์ไม่มีตัวตน",5206080000,"Regular","account.data_account_account_type_depreciation","FALSE"
5206080019,5206080019,"ค่าเสื่อมราคา-สินทรัพย์ตามสัญญาเช่าการเงิน",5206080000,"Regular","account.data_account_account_type_depreciation","FALSE"
5206089900,5206089900,"ค่าเสื่อมราคา-อาคารเพื่อการลงทุน Interface",5206080000,"Regular","account.data_account_account_type_depreciation","FALSE"
5206089901,5206089901,"ค่าเสื่อมราคา-ส่วนปรับปรุงอาคารเพื่อการลงทุน Interface",5206080000,"Regular","account.data_account_account_type_depreciation","FALSE"
5206089902,5206089902,"ค่าเสื่อมราคา-ส่วนปรับปรุงที่ดิน Interface",5206080000,"Regular","account.data_account_account_type_depreciation","FALSE"
5206089903,5206089903,"ค่าเสื่อมราคา-อาคาร Interface",5206080000,"Regular","account.data_account_account_type_depreciation","FALSE"
5206089904,5206089904,"ค่าเสื่อมราคา-อาคารชั่วคราว Interface",5206080000,"Regular","account.data_account_account_type_depreciation","FALSE"
5206089905,5206089905,"ค่าเสื่อมราคา-สิ่งปลูกสร้าง Interface",5206080000,"Regular","account.data_account_account_type_depreciation","FALSE"
5206089906,5206089906,"ค่าเสื่อมราคา-ส่วนปรับปรุงอาคาร Interface",5206080000,"Regular","account.data_account_account_type_depreciation","FALSE"
5206089907,5206089907,"ค่าเสื่อมราคา-ครุภัณฑ์สำนักงาน Interface",5206080000,"Regular","account.data_account_account_type_depreciation","FALSE"
5206089908,5206089908,"ค่าเสื่อมราคา-ครุภัณฑ์วิทยาศาสตร์ Interface",5206080000,"Regular","account.data_account_account_type_depreciation","FALSE"
5206089909,5206089909,"ค่าเสื่อมราคา-ครุภัณฑ์โฆษณาและเผยแพร่ Interface",5206080000,"Regular","account.data_account_account_type_depreciation","FALSE"
5206089910,5206089910,"ค่าเสื่อมราคา-ครุภัณฑ์ไฟฟ้าและวิทยุ Interface",5206080000,"Regular","account.data_account_account_type_depreciation","FALSE"
5206089911,5206089911,"ค่าเสื่อมราคา-ครุภัณฑ์คอมพิวเตอร์ Interface",5206080000,"Regular","account.data_account_account_type_depreciation","FALSE"
5206089912,5206089912,"ค่าเสื่อมราคา-ครุภัณฑ์งานบ้านงานครัว Interface",5206080000,"Regular","account.data_account_account_type_depreciation","FALSE"
5206089913,5206089913,"ค่าเสื่อมราคา-ครุภัณฑ์การแพทย์ Interface",5206080000,"Regular","account.data_account_account_type_depreciation","FALSE"
5206089914,5206089914,"ค่าเสื่อมราคา-ครุภัณฑ์กีฬา/ดนตรีนาฎศิลป์ Interface",5206080000,"Regular","account.data_account_account_type_depreciation","FALSE"
5206089915,5206089915,"ค่าเสื่อมราคา-ครุภัณฑ์การเกษตร Interface",5206080000,"Regular","account.data_account_account_type_depreciation","FALSE"
5206089916,5206089916,"ค่าเสื่อมราคา-ยานพาหนะ Interface",5206080000,"Regular","account.data_account_account_type_depreciation","FALSE"
5206089917,5206089917,"ค่าตัดจำหน่าย-สินทรัพย์ไม่มีตัวตน Interface",5206080000,"Regular","account.data_account_account_type_depreciation","FALSE"
5301010000,5301010000,"กำไร/ขาดทุนจากเงินลงทุน",5000000000,"View","account.data_account_type_view","FALSE"
5301010001,5301010001,"การด้อยค่าเงินลงทุน",5301010000,"Regular","account.data_account_type_expense","FALSE"
8000000000,8000000000,"ค่าใช้จ่ายปันส่วน","PL","View","account.data_account_type_view","FALSE"
8100000000,8100000000,"ค่าใช้จ่ายบุคคลากร",8000000000,"Regular","account.data_account_account_type_allocation","FALSE"
8101000000,8101000000,"เงินเดือนและค่าจ้าง",8100000000,"View","account.data_account_type_view","FALSE"
8101010000,8101010000,"เงินเดือน",8101000000,"View","account.data_account_type_view","FALSE"
8101010001,8101010001,"เงินเดือน-พนักงาน สวทช.",8101010000,"Regular","account.data_account_account_type_allocation","FALSE"
8101010002,8101010002,"เงินเดือน-พนักงานโครงการ สวทช.",8101010000,"Regular","account.data_account_account_type_allocation","FALSE"
8101020000,8101020000,"ค่าล่วงเวลา",8101000000,"View","account.data_account_type_view","FALSE"
8101020001,8101020001,"ค่าล่วงเวลา-พนักงาน สวทช.",8101020000,"Regular","account.data_account_account_type_allocation","FALSE"
8101020002,8101020002,"ค่าล่วงเวลา-พนักงานโครงการ สวทช.",8101020000,"Regular","account.data_account_account_type_allocation","FALSE"
8101030000,8101030000,"ค่าใช้จ่ายบุคคลากรอื่น",8101000000,"View","account.data_account_type_view","FALSE"
8101030001,8101030001,"เงินเพิ่มพิเศษ-พนักงาน สวทช.",8101030000,"Regular","account.data_account_account_type_allocation","FALSE"
8101030002,8101030002,"เงินเพิ่มพิเศษ-พนักงานโครงการ สวทช.",8101030000,"Regular","account.data_account_account_type_allocation","FALSE"
8102000000,8102000000,"ค่าสวัสดิการ       ",8100000000,"View","account.data_account_type_view","FALSE"
8102010000,8102010000,"เงินสวัสดิการ-บำเหน็จ",8102000000,"View","account.data_account_type_view","FALSE"
8102010001,8102010001,"เงินสวัสดิการ-บำเหน็จ",8102010000,"Regular","account.data_account_account_type_allocation","FALSE"
8102020000,8102020000,"เงินสมทบกองทุนสำรองเลี้ยงชีพ",8102000000,"View","account.data_account_type_view","FALSE"
8102020001,8102020001,"เงินสมทบกองทุนสำรองเลี้ยงชีพ-พนักงาน สวทช.",8102020000,"Regular","account.data_account_account_type_allocation","FALSE"
8102020002,8102020002,"เงินสมทบกองทุนสำรองเลี้ยงชีพ-พนักงานโครงการ สวทช.",8102020000,"Regular","account.data_account_account_type_allocation","FALSE"
8102030000,8102030000,"เงินสวัสดิการ-ค่ารักษาพยาบาล",8102000000,"View","account.data_account_type_view","FALSE"
8102030001,8102030001,"เงินสวัสดิการ-ค่ารักษาพยาบาล-พนักงาน สวทช.",8102030000,"Regular","account.data_account_account_type_allocation","FALSE"
8102030002,8102030002,"เงินสวัสดิการ-ค่ารักษาพยาบาล-พนักงานโครงการ สวทช.",8102030000,"Regular","account.data_account_account_type_allocation","FALSE"
8102040000,8102040000,"เงินสวัสดิการ-ค่าเล่าเรียนบุตร",8102000000,"View","account.data_account_type_view","FALSE"
8102040001,8102040001,"เงินสวัสดิการ-ค่าเล่าเรียนบุตร-พนักงาน สวทช.",8102040000,"Regular","account.data_account_account_type_allocation","FALSE"
8102040002,8102040002,"เงินสวัสดิการ-ค่าเล่าเรียนบุตร-พนักงานโครงการ สวทช.",8102040000,"Regular","account.data_account_account_type_allocation","FALSE"
8102050000,8102050000,"เงินชดเชยช่วยเหลือพนักงาน",8102000000,"View","account.data_account_type_view","FALSE"
8102050001,8102050001,"เงินชดเชยช่วยเหลือพนักงาน-พนักงาน สวทช.",8102050000,"Regular","account.data_account_account_type_allocation","FALSE"
8102050002,8102050002,"เงินชดเชยช่วยเหลือพนักงาน-พนักงานโครงการ สวทช.",8102050000,"Regular","account.data_account_account_type_allocation","FALSE"
8102070000,8102070000,"เงินสวัสดิการ-กิจกรรมเสริมสร้างสุขภาพ",8102000000,"View","account.data_account_type_view","FALSE"
8102070001,8102070001,"เงินสวัสดิการ-กิจกรรมเสริมสร้างสุขภาพ-พนักงาน สวทช.",8102070000,"Regular","account.data_account_account_type_allocation","FALSE"
8102070002,8102070002,"เงินสวัสดิการ-กิจกรรมเสริมสร้างสุขภาพ-พนักงานโครงการ สวทช.",8102070000,"Regular","account.data_account_account_type_allocation","FALSE"
8102080000,8102080000,"เงินส่วนเพิ่มค่าครองชีพ",8102000000,"View","account.data_account_type_view","FALSE"
8102080001,8102080001,"เงินเพิ่มค่าครองชีพ-พนักงาน สวทช.",8102080000,"Regular","account.data_account_account_type_allocation","FALSE"
8102080002,8102080002,"เงินเพิ่มค่าครองชีพ-พนักงานโครงการ สวทช.",8102080000,"Regular","account.data_account_account_type_allocation","FALSE"
8102090000,8102090000,"ค่าเบี้ยประกันสุขภาพและอุบัติเหตุ (สวัสดิการเลือกได้)",8102000000,"View","account.data_account_type_view","FALSE"
8102090001,8102090001,"ค่าเบี้ยประกันสุขภาพและอุบัติเหตุ-พนักงาน สวทช.",8102090000,"Regular","account.data_account_account_type_allocation","FALSE"
8102090002,8102090002,"ค่าเบี้ยประกันสุขภาพและอุบัติเหตุ-พนักงานโครงการ สวทช.",8102090000,"Regular","account.data_account_account_type_allocation","FALSE"
8102110000,8102110000,"เงินช่วยเหลืออื่น",8102000000,"View","account.data_account_type_view","FALSE"
8102110001,8102110001,"เงินช่วยเหลือ-ภัยธรรมชาติ",8102110000,"Regular","account.data_account_account_type_allocation","FALSE"
8103000000,8103000000,"ค่าพัฒนาบุคคลากร สวทช. (ค่าเดินทาง สัมมนาและฝึกอบรม) ",8100000000,"View","account.data_account_type_view","FALSE"
8103010000,8103010000,"ค่าพัฒนาบุคลากร สวทช.-ในประเทศ",8103000000,"View","account.data_account_type_view","FALSE"
8103010100,8103010100,"ค่าฝึกอบรม-HRD",8103010000,"Regular","account.data_account_account_type_allocation","FALSE"
8200000000,8200000000,"ค่าใช้จ่ายดำเนินงาน",8000000000,"View","account.data_account_type_view","FALSE"
8202000000,8202000000,"ค่าใช้สอย",8200000000,"View","account.data_account_type_view","FALSE"
8202020000,8202020000,"ค่าใช้จ่ายในการเดินทางปฏิบัติงาน",8202000000,"View","account.data_account_type_view","FALSE"
8202020100,8202020100,"ค่าพาหนะเดินทาง-จองรถสำนักงาน",8202020000,"Regular","account.data_account_account_type_allocation","FALSE"
8202110000,8202110000,"ค่าบริหารอาคาร",8202000000,"View","account.data_account_type_view","FALSE"
8202110100,8202110100,"ค่าบริหารอาคาร",8202110000,"Regular","account.data_account_account_type_allocation","FALSE"
8202110200,8202110200,"ค่าบริการรักษาความปลอดภัย",8202110000,"Regular","account.data_account_account_type_allocation","FALSE"
8202110300,8202110300,"ค่าบริการรักษาความสะอาด",8202110000,"Regular","account.data_account_account_type_allocation","FALSE"
8202110400,8202110400,"ค่าจ้างดูแลสวนหย่อม",8202110000,"Regular","account.data_account_account_type_allocation","FALSE"
8202110500,8202110500,"ค่าพนักงานต้อนรับ/ประชาสัมพันธ์",8202110000,"Regular","account.data_account_account_type_allocation","FALSE"
8202120000,8202120000,"ค่าเช่าทรัพย์สิน",8202000000,"View","account.data_account_type_view","FALSE"
8202120401,8202120401,"ค่าถ่ายเอกสาร-Print Solution",8202120000,"Regular","account.data_account_account_type_allocation","FALSE"
